START_DATE*,END_DATE*,CATEGORY*,START*,STOP*,MILES*,PURPOSE*,Driver_ID,CAR_TYPE_ID
01-01-2016 21:11,01-01-2016 21:17,Business,Fort Pierce,Fort Pierce,5.1,Meal/Entertain,23,2
01-02-2016 01:25,01-02-2016 01:37,Business,Fort Pierce,Fort Pierce,5,,6,2
01-02-2016 20:25,01-02-2016 20:38,Business,Fort Pierce,Fort Pierce,4.8,Errand/Supplies,16,1
01-05-2016 17:31,01-05-2016 17:45,Business,Fort Pierce,Fort Pierce,4.7,Meeting,10,1
01-06-2016 14:42,01-06-2016 15:49,Business,Fort Pierce,West Palm Beach,63.7,Customer Visit,2,2
01-06-2016 17:15,01-06-2016 17:19,Business,West Palm Beach,West Palm Beach,4.3,Meal/Entertain,71,3
01-06-2016 17:30,01-06-2016 17:35,Business,West Palm Beach,Palm Beach,7.1,Meeting,51,3
01-07-2016 13:27,01-07-2016 13:33,Business,Cary,Cary,0.8,Meeting,8,2
01-10-2016 08:05,01-10-2016 08:25,Business,Cary,Morrisville,8.3,Meeting,59,2
01-10-2016 12:17,01-10-2016 12:44,Business,Jamaica,New York,16.5,Customer Visit,66,3
01-10-2016 15:08,01-10-2016 15:51,Business,New York,Queens,10.8,Meeting,4,3
01-10-2016 18:18,01-10-2016 18:53,Business,Elmhurst,New York,7.5,Meeting,16,2
01-10-2016 19:12,01-10-2016 19:32,Business,Midtown,East Harlem,6.2,Meeting,58,2
01-11-2016 08:55,01-11-2016 09:21,Business,East Harlem,NoMad,6.4,Temporary Site,71,3
01-11-2016 11:56,01-11-2016 12:03,Business,Flatiron District,Midtown,1.6,Errand/Supplies,35,3
01-11-2016 13:32,01-11-2016 13:46,Business,Midtown,Midtown East,1.7,Meal/Entertain,19,3
01-11-2016 14:30,01-11-2016 14:43,Business,Midtown East,Midtown,1.9,Meal/Entertain,57,2
01-12-2016 12:33,01-12-2016 12:49,Business,Midtown,Hudson Square,1.9,Meal/Entertain,48,2
01-12-2016 12:53,01-12-2016 13:09,Business,Hudson Square,Lower Manhattan,4,Meal/Entertain,33,2
01-12-2016 14:42,01-12-2016 14:56,Business,Lower Manhattan,Hudson Square,1.8,Errand/Supplies,17,3
01-12-2016 15:13,01-12-2016 15:28,Business,Hudson Square,Hell's Kitchen,2.4,Customer Visit,37,3
01-12-2016 15:42,01-12-2016 15:54,Business,Hell's Kitchen,Midtown,2,Errand/Supplies,53,2
01-12-2016 16:02,01-12-2016 17:00,Business,New York,Queens County,15.1,Meeting,52,1
1/13/2016 13:54,1/13/2016 14:07,Business,Downtown,Gulfton,11.2,Meeting,39,3
1/13/2016 15:00,1/13/2016 15:28,Business,Gulfton,Downtown,11.8,Meeting,10,1
1/14/2016 16:29,1/14/2016 17:05,Business,Houston,Houston,21.9,Customer Visit,91,1
1/14/2016 21:39,1/14/2016 21:45,Business,Eagan Park,Jamestown Court,3.9,Errand/Supplies,56,3
1/15/2016 0:41,1/15/2016 1:01,Business,Morrisville,Cary,8,Errand/Supplies,88,3
1/15/2016 11:43,1/15/2016 12:03,Business,Cary,Durham,10.4,Meal/Entertain,22,2
1/15/2016 13:26,1/15/2016 13:44,Business,Durham,Cary,10.4,Meal/Entertain,28,3
1/18/2016 14:55,1/18/2016 15:06,Business,Cary,Cary,4.8,Meal/Entertain,31,1
1/18/2016 16:13,1/18/2016 16:24,Business,Farmington Woods,Whitebridge,4.7,Meal/Entertain,37,2
1/19/2016 9:09,1/19/2016 9:23,Business,Whitebridge,Lake Wellingborough,7.2,,19,3
1/19/2016 10:55,1/19/2016 11:09,Business,Lake Wellingborough,Whitebridge,7.6,Temporary Site,22,1
1/20/2016 10:36,1/20/2016 11:11,Business,Cary,Raleigh,17.1,Meeting,57,3
1/20/2016 11:48,1/20/2016 12:19,Business,Fayetteville Street,Umstead,15.1,Meeting,38,3
1/20/2016 13:25,1/20/2016 14:19,Business,Raleigh,Cary,40.2,Customer Visit,41,3
1/21/2016 14:25,1/21/2016 14:29,Business,Cary,Cary,1.6,Errand/Supplies,22,2
1/21/2016 14:43,1/21/2016 14:51,Business,Cary,Cary,2.4,Meal/Entertain,59,3
1/21/2016 16:01,1/21/2016 16:06,Business,Cary,Cary,1,Meal/Entertain,14,1
1/26/2016 10:41,1/26/2016 10:50,Business,Whitebridge,Hazelwood,2,Meal/Entertain,54,3
1/26/2016 12:33,1/26/2016 12:41,Business,Hazelwood,Whitebridge,2.3,Errand/Supplies,1,2
1/26/2016 16:24,1/26/2016 16:32,Business,Whitebridge,Westpark Place,1.9,Errand/Supplies,69,3
1/26/2016 17:17,1/26/2016 17:22,Business,Cary,Cary,1.4,Errand/Supplies,92,2
1/26/2016 17:27,1/26/2016 17:29,Business,Cary,Cary,0.5,Errand/Supplies,75,2
1/27/2016 9:24,1/27/2016 9:31,Business,Cary,Cary,1.8,Meeting,63,2
1/27/2016 10:19,1/27/2016 10:48,Business,Cary,Raleigh,18.7,Customer Visit,82,3
1/27/2016 12:34,1/27/2016 12:44,Business,Fairmont,Meredith Townes,3.4,Customer Visit,44,3
1/27/2016 14:05,1/27/2016 14:13,Business,Raleigh,Raleigh,2.7,Customer Visit,38,3
1/27/2016 14:46,1/27/2016 15:08,Business,Raleigh,Cary,12.9,Customer Visit,61,3
1/28/2016 12:28,1/28/2016 13:00,Business,Cary,Raleigh,19,Temporary Site,89,2
1/28/2016 15:11,1/28/2016 15:31,Business,Meredith Townes,Leesville Hollow,14.7,Meeting,69,3
1/28/2016 16:21,1/28/2016 16:51,Business,Raleigh,Cary,15.7,Meeting,68,1
1/29/2016 9:31,1/29/2016 9:45,Business,Cary,Cary,4.6,Customer Visit,11,1
1/29/2016 10:56,1/29/2016 11:07,Business,Cary,Cary,5.2,Meeting,72,1
1/29/2016 11:43,1/29/2016 12:03,Business,Cary,Durham,10.4,Meeting,17,1
1/29/2016 13:24,1/29/2016 13:47,Business,Durham,Cary,10.1,Meeting,54,1
1/29/2016 18:31,1/29/2016 18:52,Business,Cary,Apex,5.8,Errand/Supplies,32,1
1/29/2016 21:21,1/29/2016 21:40,Business,Apex,Cary,5.5,Meal/Entertain,57,3
1/30/2016 16:21,1/30/2016 16:33,Business,Cary,Apex,5.7,Errand/Supplies,68,1
1/30/2016 18:09,1/30/2016 18:24,Business,Apex,Cary,5.7,Customer Visit,79,2
02-01-2016 10:35,02-01-2016 11:15,Business,Cary,Chapel Hill,19.4,Customer Visit,41,2
02-01-2016 12:10,02-01-2016 12:43,Business,Chapel Hill,Cary,23.3,Customer Visit,74,1
02-01-2016 12:56,02-01-2016 13:07,Business,Northwoods,Whitebridge,3.9,Meal/Entertain,18,2
02-02-2016 13:04,02-02-2016 13:23,Business,Whitebridge,Williamsburg Manor,8.3,Meeting,31,1
02-02-2016 13:51,02-02-2016 14:06,Business,Cary,Cary,6,Errand/Supplies,75,3
02-02-2016 14:38,02-02-2016 14:42,Business,Cary,Cary,1.6,Errand/Supplies,48,1
02-04-2016 08:40,02-04-2016 09:01,Business,Cary,Morrisville,5.2,Errand/Supplies,13,2
02-04-2016 09:37,02-04-2016 10:09,Business,Morrisville,Cary,9.7,Meal/Entertain,5,2
02-04-2016 10:26,02-04-2016 10:32,Business,Cary,Cary,1.6,Meal/Entertain,1,1
02-04-2016 15:59,02-04-2016 16:03,Business,Cary,Cary,1.1,Meal/Entertain,41,2
02-04-2016 16:35,02-04-2016 16:39,Business,Cary,Cary,1.6,Meal/Entertain,85,2
02-04-2016 18:04,02-04-2016 18:31,Business,Whitebridge,Macgregor Downs,9,Meeting,21,3
02-04-2016 20:36,02-04-2016 20:55,Business,Cary,Cary,7.7,Meeting,77,1
02-05-2016 11:47,02-05-2016 12:07,Business,Cary,Durham,10.4,Meeting,91,3
02-05-2016 13:22,02-05-2016 13:41,Business,Durham,Cary,10.4,Meeting,79,2
02-06-2016 16:20,02-06-2016 16:53,Business,Cary,Raleigh,11.4,Between Offices,13,1
02-06-2016 18:57,02-06-2016 19:21,Business,Raleigh,Cary,9,Errand/Supplies,16,1
02-06-2016 19:28,02-06-2016 19:37,Business,Edgehill Farms,Whitebridge,3.2,Meal/Entertain,31,1
02-07-2016 16:49,02-07-2016 17:01,Business,Cary,Apex,5.6,Errand/Supplies,31,1
02-07-2016 18:03,02-07-2016 18:17,Business,Apex,Cary,5.7,Customer Visit,40,1
02-07-2016 18:39,02-07-2016 18:53,Business,Cary,Morrisville,6.1,Temporary Site,18,1
02-07-2016 20:22,02-07-2016 20:40,Business,Morrisville,Cary,6.1,Meeting,94,3
02-08-2016 12:57,02-08-2016 13:08,Business,Whitebridge,Edgehill Farms,4.3,Meal/Entertain,94,2
02-08-2016 14:00,02-08-2016 14:10,Business,Edgehill Farms,Whitebridge,2.7,Meal/Entertain,7,3
02-09-2016 10:54,02-09-2016 11:07,Personal,Whitebridge,Northwoods,5.3,,23,2
02-09-2016 11:43,02-09-2016 11:50,Personal,Northwoods,Tanglewood,3,,47,2
02-09-2016 13:36,02-09-2016 13:52,Personal,Tanglewood,Preston,5.1,,10,3
02-09-2016 13:58,02-09-2016 14:02,Personal,Preston,Whitebridge,1.5,,61,2
02-09-2016 18:55,02-09-2016 19:11,Business,Cary,Morrisville,6.1,,72,3
02-09-2016 20:24,02-09-2016 20:40,Business,Morrisville,Cary,6.1,Meal/Entertain,17,1
02-11-2016 16:28,02-11-2016 17:10,Business,Cary,Raleigh,17.3,Meal/Entertain,66,3
02-11-2016 17:49,02-11-2016 18:10,Business,Eastgate,Walnut Terrace,5.7,Meal/Entertain,3,3
02-11-2016 18:24,02-11-2016 18:46,Business,Raleigh,Morrisville,13.5,Temporary Site,52,3
02-11-2016 20:36,02-11-2016 20:51,Business,Morrisville,Cary,6.1,Temporary Site,16,1
02-12-2016 08:21,02-12-2016 08:42,Business,Cary,Durham,8.5,Temporary Site,1,2
02-12-2016 10:45,02-12-2016 10:52,Business,Durham,Morrisville,2.6,Temporary Site,69,3
02-12-2016 11:14,02-12-2016 11:35,Business,Morrisville,Raleigh,17,Customer Visit,58,3
02-12-2016 13:02,02-12-2016 13:36,Business,Raleigh,Cary,18,Meeting,62,1
02-12-2016 14:49,02-12-2016 15:06,Business,Cary,Morrisville,8.4,Meeting,37,3
02-12-2016 15:33,02-12-2016 16:06,Business,Morrisville,Cary,11.5,Customer Visit,8,3
2/13/2016 23:45,2/14/2016 0:01,Personal,East Elmhurst,Jackson Heights,2.7,,23,3
2/14/2016 0:50,2/14/2016 1:00,Personal,Jackson Heights,East Elmhurst,1.8,,34,3
2/14/2016 14:07,2/14/2016 14:40,Business,East Elmhurst,New York,8.1,Meeting,37,1
2/14/2016 14:46,2/14/2016 15:03,Business,Midtown,Midtown West,2,Meeting,69,1
2/14/2016 16:35,2/14/2016 17:02,Business,New York,Long Island City,13,Meeting,36,2
2/14/2016 17:06,2/14/2016 17:29,Business,Long Island City,Jamaica,13.9,Meeting,69,1
2/16/2016 3:21,2/16/2016 4:13,Business,Katunayaka,Unknown Location,43.7,Customer Visit,75,1
2/16/2016 8:29,2/16/2016 9:34,Business,Unknown Location,Colombo,14.1,,37,1
2/16/2016 10:31,2/16/2016 10:41,Business,Colombo,Colombo,2.6,,1,3
2/16/2016 11:32,2/16/2016 12:02,Business,Colombo,Colombo,4.5,,76,2
2/16/2016 12:39,2/16/2016 12:42,Business,Colombo,Colombo,1.7,,65,1
2/16/2016 13:43,2/16/2016 13:55,Business,Colombo,Colombo,1.8,Temporary Site,55,3
2/16/2016 16:34,2/16/2016 17:10,Business,Colombo,Colombo,6,,8,1
2/16/2016 17:17,2/16/2016 17:26,Business,Colombo,Nugegoda,1.1,Meal/Entertain,95,1
2/16/2016 17:40,2/16/2016 17:44,Business,Nugegoda,Unknown Location,3.6,Errand/Supplies,44,3
2/17/2016 13:18,2/17/2016 14:04,Business,Unknown Location,Colombo,14.7,Temporary Site,66,3
2/17/2016 15:17,2/17/2016 15:22,Business,Colombo,Colombo,1.7,Meal/Entertain,66,1
2/17/2016 15:33,2/17/2016 16:17,Business,Colombo,Katunayaka,21.4,Temporary Site,9,1
2/17/2016 16:38,2/17/2016 16:43,Business,Katunayaka,Katunayaka,0.5,Errand/Supplies,51,3
2/18/2016 8:19,2/18/2016 8:27,Business,Unknown Location,Unknown Location,23.5,Temporary Site,27,2
2/18/2016 14:03,2/18/2016 14:45,Business,Unknown Location,Islamabad,12.7,Temporary Site,2,1
2/18/2016 15:16,2/18/2016 15:31,Business,Islamabad,Unknown Location,6,Temporary Site,88,3
2/18/2016 18:44,2/18/2016 18:58,Business,Unknown Location,Islamabad,5.2,Customer Visit,68,2
2/18/2016 19:27,2/18/2016 20:08,Business,Islamabad,Unknown Location,10,Meeting,3,3
2/19/2016 9:02,2/19/2016 9:14,Business,Unknown Location,Unknown Location,18.3,Meeting,87,1
2/19/2016 9:21,2/19/2016 9:51,Business,Unknown Location,Unknown Location,11.2,Meeting,76,2
2/19/2016 10:21,2/19/2016 10:48,Business,Unknown Location,Islamabad,7.6,Meeting,93,2
2/19/2016 11:20,2/19/2016 11:26,Personal,Islamabad,Islamabad,1.5,,28,3
2/19/2016 11:45,2/19/2016 11:50,Personal,Islamabad,Islamabad,1,,23,2
2/19/2016 12:09,2/19/2016 12:27,Business,Islamabad,Unknown Location,7.3,Temporary Site,32,1
2/19/2016 16:26,2/19/2016 16:45,Business,Unknown Location,Islamabad,3.5,,50,3
2/19/2016 17:09,2/19/2016 17:20,Business,Islamabad,Islamabad,4.2,,39,3
2/19/2016 20:08,2/19/2016 20:30,Personal,Islamabad,Unknown Location,13.6,,25,3
2/19/2016 20:34,2/19/2016 20:51,Personal,Unknown Location,Unknown Location,2.5,,84,3
2/20/2016 7:59,2/20/2016 8:32,Personal,Unknown Location,Islamabad,14.4,,72,2
2/20/2016 10:48,2/20/2016 10:56,Personal,Islamabad,Islamabad,3,,68,1
2/20/2016 11:45,2/20/2016 11:53,Personal,Islamabad,Islamabad,1.5,,62,2
2/20/2016 12:41,2/20/2016 13:17,Business,Islamabad,R?walpindi,18.4,,82,2
2/20/2016 14:50,2/20/2016 15:54,Business,R?walpindi,R?walpindi,23.1,Meeting,38,2
2/20/2016 16:59,2/20/2016 17:54,Personal,R?walpindi,Unknown Location,16.5,,91,3
2/20/2016 18:00,2/20/2016 18:03,Business,Unknown Location,Unknown Location,3.2,Errand/Supplies,10,3
2/20/2016 19:28,2/20/2016 19:49,Business,Unknown Location,Unknown Location,7.7,Errand/Supplies,43,1
2/21/2016 9:07,2/21/2016 9:46,Business,Unknown Location,Islamabad,14.5,,89,3
2/21/2016 11:39,2/21/2016 11:43,Business,Unknown Location,Islamabad,2.4,Errand/Supplies,85,2
2/21/2016 11:47,2/21/2016 12:01,Business,Islamabad,Islamabad,4.6,Errand/Supplies,53,2
2/21/2016 12:13,2/21/2016 12:35,Business,Islamabad,Unknown Location,8.8,Meal/Entertain,62,3
2/21/2016 12:51,2/21/2016 13:12,Business,Unknown Location,Unknown Location,8.3,Temporary Site,70,3
2/21/2016 13:33,2/21/2016 14:30,Business,Unknown Location,Unknown Location,22.7,Temporary Site,5,2
2/21/2016 14:36,2/21/2016 15:03,Business,Unknown Location,Islamabad,13,Temporary Site,63,2
2/21/2016 15:14,2/21/2016 15:31,Business,Islamabad,Noorpur Shahan,8.1,Temporary Site,56,2
2/21/2016 15:36,2/21/2016 15:41,Business,Noorpur Shahan,Unknown Location,2.2,Meal/Entertain,88,1
2/21/2016 16:04,2/21/2016 16:32,Business,Unknown Location,Unknown Location,9.7,,15,3
2/21/2016 23:15,2/21/2016 23:52,Business,Unknown Location,R?walpindi,20,Meeting,75,3
2/22/2016 21:54,2/22/2016 22:09,Business,Morrisville,Cary,8.1,Customer Visit,69,1
2/24/2016 14:30,2/24/2016 14:35,Business,Whitebridge,Preston,1.5,,79,2
2/24/2016 15:19,2/24/2016 15:25,Business,Preston,Whitebridge,1.7,Errand/Supplies,12,3
2/25/2016 16:27,2/25/2016 16:35,Business,Whitebridge,Heritage Pines,3.1,Errand/Supplies,8,1
2/25/2016 16:47,2/25/2016 17:02,Business,Heritage Pines,Whitebridge,3.2,Errand/Supplies,47,2
2/25/2016 17:16,2/25/2016 17:36,Business,Whitebridge,Tanglewood,6,Meal/Entertain,5,3
2/25/2016 18:22,2/25/2016 18:39,Business,Tanglewood,Whitebridge,5.8,Meal/Entertain,55,3
2/26/2016 9:06,2/26/2016 9:29,Business,Whitebridge,Westpark Place,6.3,,43,1
2/26/2016 11:05,2/26/2016 11:11,Personal,Westpark Place,Whitebridge,1.7,,72,1
2/26/2016 11:35,2/26/2016 11:59,Business,Cary,Durham,10.6,Meeting,44,2
2/26/2016 13:01,2/26/2016 13:24,Business,Durham,Cary,9.9,Meeting,17,1
2/26/2016 14:38,2/26/2016 14:46,Personal,Whitebridge,Westpark Place,1.9,,86,3
2/26/2016 15:00,2/26/2016 15:18,Personal,Westpark Place,Hazelwood,4.2,,79,1
2/26/2016 17:01,2/26/2016 17:12,Personal,Hazelwood,Whitebridge,2,,61,2
2/28/2016 5:22,2/28/2016 5:38,Business,Whitebridge,Waverly Place,7.7,Meeting,93,2
2/28/2016 9:26,2/28/2016 9:42,Business,Waverly Place,Whitebridge,6.8,Meeting,88,1
2/29/2016 11:07,2/29/2016 11:14,Personal,Whitebridge,Westpark Place,2.1,,79,3
2/29/2016 11:30,2/29/2016 11:40,Business,Cary,Apex,3.8,Meeting,91,2
2/29/2016 12:36,2/29/2016 12:48,Business,Apex,Cary,5.6,Meeting,41,1
2/29/2016 14:55,2/29/2016 15:03,Business,Whitebridge,Hazelwood,2.6,,41,2
2/29/2016 16:40,2/29/2016 17:00,Business,Hazelwood,Whitebridge,6.6,Customer Visit,90,1
03-01-2016 18:47,03-01-2016 19:10,Business,Whitebridge,Wayne Ridge,8,Meal/Entertain,71,3
03-01-2016 21:27,03-01-2016 21:45,Business,Wayne Ridge,Whitebridge,8,Meeting,43,1
03-03-2016 09:45,03-03-2016 09:52,Personal,Whitebridge,Westpark Place,2.2,,7,3
03-03-2016 11:04,03-03-2016 11:10,Business,Westpark Place,Whitebridge,2.3,Errand/Supplies,36,1
03-03-2016 14:44,03-03-2016 14:58,Business,Whitebridge,Northwoods,5.2,Meal/Entertain,92,3
03-03-2016 15:27,03-03-2016 15:48,Business,Cary,Raleigh,7.6,Customer Visit,18,2
03-03-2016 16:02,03-03-2016 16:42,Business,Raleigh,Cary,17.3,Meeting,49,3
03-04-2016 07:47,03-04-2016 08:06,Business,Cary,Durham,9.9,Meeting,16,2
03-04-2016 09:46,03-04-2016 10:03,Business,Durham,Cary,9.9,Customer Visit,61,3
03-04-2016 11:46,03-04-2016 12:06,Business,Cary,Durham,10.4,Meeting,57,1
03-04-2016 13:03,03-04-2016 13:25,Business,Durham,Cary,10.9,Meeting,92,1
03-04-2016 13:40,03-04-2016 14:09,Business,Cary,Raleigh,15.7,Customer Visit,75,1
03-04-2016 15:56,03-04-2016 16:08,Business,Raleigh,Raleigh,4.9,Meal/Entertain,33,1
03-04-2016 16:16,03-04-2016 16:22,Business,Fayetteville Street,Depot Historic District,0.8,Errand/Supplies,53,2
03-04-2016 16:43,03-04-2016 17:12,Business,Raleigh,Cary,13.5,Meeting,72,2
03-04-2016 19:02,03-04-2016 19:08,Business,Cary,Morrisville,1.9,Temporary Site,71,1
03-04-2016 19:16,03-04-2016 19:25,Business,Morrisville,Cary,2,Meal/Entertain,65,2
03-05-2016 11:44,03-05-2016 11:59,Business,Cary,Morrisville,6.5,Meal/Entertain,92,3
03-05-2016 12:57,03-05-2016 13:12,Personal,Weston,Weston,4.2,,56,3
03-05-2016 14:08,03-05-2016 14:18,Personal,Morrisville,Cary,3.5,,58,1
03-05-2016 14:39,03-05-2016 15:01,Business,Whitebridge,Wayne Ridge,7.8,Meal/Entertain,54,1
03-05-2016 16:52,03-05-2016 17:13,Business,Cary,Morrisville,7.8,Meal/Entertain,30,2
03-05-2016 17:23,03-05-2016 17:34,Business,Morrisville,Cary,3.9,Meal/Entertain,82,3
03-07-2016 09:10,03-07-2016 09:20,Business,Whitebridge,Edgehill Farms,2.8,Errand/Supplies,15,1
03-07-2016 09:23,03-07-2016 09:47,Business,Cary,Raleigh,12.4,Customer Visit,75,3
03-07-2016 12:10,03-07-2016 12:26,Business,Fayetteville Street,Meredith Townes,5.9,Customer Visit,31,1
03-07-2016 13:57,03-07-2016 14:18,Business,Meredith Townes,Leesville Hollow,9.4,Meeting,4,3
03-07-2016 15:19,03-07-2016 15:45,Business,Raleigh,Cary,11.9,Between Offices,24,3
03-08-2016 14:38,03-08-2016 14:55,Business,Whitebridge,Waverly Place,7.2,Between Offices,57,1
03-08-2016 15:35,03-08-2016 16:00,Business,Waverly Place,Whitebridge,7.6,Meal/Entertain,79,3
03-08-2016 16:13,03-08-2016 16:25,Personal,Whitebridge,Whitebridge,1.6,,4,1
03-10-2016 03:36,03-10-2016 03:53,Business,Cary,Morrisville,8.4,Meeting,26,3
03-10-2016 10:08,03-10-2016 10:37,Business,East Austin,West University,12.8,Meeting,86,1
03-10-2016 14:39,03-10-2016 14:55,Business,West University,South Congress,2.3,,79,1
03-10-2016 16:18,03-10-2016 16:28,Business,South Congress,Arts District,1.6,,79,3
03-11-2016 09:47,03-11-2016 09:59,Business,The Drag,Congress Ave District,2,Meal/Entertain,87,1
03-11-2016 10:29,03-11-2016 10:36,Business,Congress Ave District,Downtown,0.8,,78,2
03-11-2016 11:57,03-11-2016 12:04,Business,Downtown,Red River District,1.2,,73,1
03-11-2016 13:43,03-11-2016 13:51,Business,Red River District,Downtown,1,,42,3
03-11-2016 19:21,03-11-2016 19:35,Business,South Congress,The Drag,2.1,,71,2
03-12-2016 09:13,03-12-2016 09:22,Business,The Drag,South Congress,2.2,,11,3
03-12-2016 18:27,03-12-2016 18:37,Personal,South Congress,The Drag,1.9,,9,3
3/13/2016 9:07,3/13/2016 9:37,Business,The Drag,Convention Center District,5.7,Meal/Entertain,95,3
3/13/2016 18:23,3/13/2016 18:43,Business,South Congress,North Austin,8.4,Meal/Entertain,76,1
3/13/2016 20:07,3/13/2016 20:28,Business,Georgian Acres,The Drag,6.2,Meal/Entertain,93,1
3/13/2016 20:39,3/13/2016 20:58,Business,The Drag,North Austin,10.5,Meal/Entertain,51,1
3/13/2016 21:11,3/13/2016 21:23,Business,North Austin,Coxville,7.2,Meal/Entertain,92,2
3/13/2016 22:19,3/13/2016 22:39,Business,Coxville,The Drag,12.5,,87,1
3/14/2016 8:34,3/14/2016 8:49,Business,The Drag,South Congress,2,Errand/Supplies,10,3
3/14/2016 18:39,3/14/2016 18:55,Business,South Congress,The Drag,2.7,,18,3
3/15/2016 8:45,3/15/2016 8:57,Business,The Drag,Convention Center District,2,Meal/Entertain,65,3
3/15/2016 20:48,3/15/2016 21:01,Business,Downtown,The Drag,2.8,Meal/Entertain,83,2
3/16/2016 11:34,3/16/2016 11:45,Business,The Drag,Congress Ave District,1.7,Meal/Entertain,58,3
3/16/2016 14:44,3/16/2016 14:55,Business,Convention Center District,West University,2,,86,3
3/16/2016 18:43,3/16/2016 18:56,Business,West University,Congress Ave District,2.1,Meal/Entertain,45,1
3/17/2016 0:33,3/17/2016 0:44,Personal,Downtown,The Drag,1.7,,4,2
3/17/2016 12:52,3/17/2016 15:11,Business,Austin,Katy,136,Customer Visit,6,3
3/17/2016 15:16,3/17/2016 15:58,Business,Katy,Houston,30.2,Meeting,21,3
3/17/2016 17:20,3/17/2016 18:02,Business,Midtown,Alief,15.5,Meal/Entertain,42,1
3/17/2016 18:47,3/17/2016 19:09,Personal,Houston,Houston,4.9,,9,3
3/17/2016 20:57,3/17/2016 21:28,Personal,Houston,Houston,12.6,,78,3
3/17/2016 21:48,3/17/2016 22:04,Personal,Sharpstown,Midtown,10.4,,27,2
3/18/2016 7:15,3/18/2016 7:21,Business,Midtown,Midtown,1.1,Meal/Entertain,20,1
3/18/2016 8:35,3/18/2016 8:43,Business,Midtown,Midtown,1.1,Meal/Entertain,59,3
3/18/2016 18:24,3/18/2016 19:08,Business,Midtown,Sharpstown,13.2,Meeting,59,3
3/18/2016 19:23,3/18/2016 19:29,Business,Sharpstown,Sharpstown,1,Errand/Supplies,75,3
3/18/2016 21:01,3/18/2016 21:15,Business,Sharpstown,Midtown,9.2,Customer Visit,87,2
3/19/2016 9:10,3/19/2016 9:25,Business,Midtown,Sharpstown,9.4,Meal/Entertain,39,1
3/19/2016 12:50,3/19/2016 13:13,Business,Houston,Sugar Land,12,Customer Visit,76,1
3/19/2016 14:01,3/19/2016 14:57,Business,Sugar Land,Houston,35.1,Customer Visit,64,2
3/19/2016 15:34,3/19/2016 16:38,Business,Houston,Galveston,36.5,Meal/Entertain,22,3
3/19/2016 17:17,3/19/2016 17:32,Business,Galveston,Port Bolivar,3.1,Meal/Entertain,73,2
3/19/2016 17:37,3/19/2016 17:47,Business,Port Bolivar,Port Bolivar,2.1,Errand/Supplies,51,2
3/19/2016 17:52,3/19/2016 18:00,Business,Port Bolivar,Port Bolivar,1.2,,34,2
3/19/2016 18:53,3/19/2016 19:29,Business,Port Bolivar,Galveston,7.5,Meeting,57,3
3/19/2016 19:33,3/19/2016 20:39,Business,Galveston,Houston,57,Customer Visit,50,2
3/20/2016 7:37,3/20/2016 7:48,Business,Midtown,Washington Avenue,5.9,Meeting,89,1
3/20/2016 11:42,3/20/2016 11:56,Business,Washington Avenue,Midtown,6.2,Meeting,17,2
3/20/2016 17:08,3/20/2016 17:34,Business,Midtown,Sharpstown,10.4,,3,2
3/20/2016 18:34,3/20/2016 18:40,Personal,Sharpstown,Briar Meadow,1.2,,1,1
3/20/2016 18:45,3/20/2016 19:06,Business,Briar Meadow,Midtown,9.6,Customer Visit,23,2
3/21/2016 10:21,3/21/2016 10:26,Personal,Midtown,Downtown,1,,90,1
3/21/2016 16:05,3/21/2016 16:13,Business,Downtown,Midtown,0.9,Meal/Entertain,16,1
3/21/2016 18:59,3/21/2016 19:15,Business,Midtown,Sharpstown,8.8,,13,3
3/21/2016 20:18,3/21/2016 20:55,Business,Sharpstown,Midtown,25.6,Meal/Entertain,25,1
3/22/2016 6:17,3/22/2016 6:43,Business,Midtown,Greater Greenspoint,23,Meal/Entertain,76,2
3/22/2016 12:06,3/22/2016 12:24,Personal,Morrisville,Cary,8.1,,91,1
3/22/2016 19:12,3/22/2016 19:25,Personal,Whitebridge,Whitebridge,1.4,,9,1
3/23/2016 14:37,3/23/2016 14:42,Personal,Whitebridge,Preston,1.7,,69,3
3/23/2016 14:53,3/23/2016 14:59,Personal,Preston,Whitebridge,1.6,,42,1
3/24/2016 19:47,3/24/2016 19:54,Personal,Whitebridge,Westpark Place,2,,64,3
3/24/2016 20:34,3/24/2016 20:40,Business,Westpark Place,Whitebridge,2.2,,67,1
3/25/2016 13:24,3/25/2016 16:22,Business,Cary,Latta,144,Customer Visit,85,2
3/25/2016 16:52,3/25/2016 22:22,Business,Latta,Jacksonville,310.3,Customer Visit,92,1
3/26/2016 14:05,3/26/2016 14:29,Personal,Couples Glen,Isles of Buena Vista,6.7,,84,1
3/26/2016 15:19,3/26/2016 15:49,Personal,Kissimmee,Orlando,8.8,,49,3
3/26/2016 16:26,3/26/2016 16:30,Personal,Lake Reams,Lake Reams,1.2,,16,2
3/27/2016 0:31,3/27/2016 0:40,Business,Lake Reams,Lake Reams,2.1,Errand/Supplies,73,3
3/27/2016 1:11,3/27/2016 1:23,Business,Orlando,Kissimmee,6.6,Meal/Entertain,85,2
3/27/2016 15:31,3/27/2016 15:56,Business,Kissimmee,Orlando,6.1,Customer Visit,53,2
3/27/2016 21:26,3/27/2016 21:41,Personal,Orlando,Orlando,6.9,,15,2
3/27/2016 23:04,3/27/2016 23:18,Personal,Orlando,Kissimmee,7.3,,35,2
3/28/2016 12:29,3/28/2016 12:42,Personal,Kissimmee,Orlando,3.6,,3,1
3/28/2016 19:30,3/28/2016 20:23,Personal,Couples Glen,Vista East,27.2,,3,2
3/28/2016 22:55,3/28/2016 23:26,Personal,Orlando,Kissimmee,25.7,,16,1
3/29/2016 15:27,3/29/2016 16:11,Personal,Kissimmee,Orlando,13.6,,75,1
3/29/2016 18:20,3/29/2016 18:39,Personal,Sand Lake Commons,Sky Lake,6.2,,2,1
3/29/2016 20:29,3/29/2016 20:44,Personal,Sky Lake,Sand Lake Commons,6,,16,3
3/29/2016 23:04,3/29/2016 23:21,Personal,Orlando,Kissimmee,13.8,,50,3
3/30/2016 22:05,3/30/2016 22:55,Business,Orlando,Kissimmee,28.8,Meal/Entertain,81,3
3/31/2016 12:47,3/31/2016 13:22,Business,Kissimmee,Orlando,16.1,Temporary Site,45,2
3/31/2016 14:37,3/31/2016 15:09,Business,Orlando,Kissimmee,16.4,Meal/Entertain,69,2
04-01-2016 13:43,04-01-2016 14:01,Business,Kissimmee,Kissimmee,11,Meeting,51,2
04-01-2016 14:36,04-01-2016 15:24,Business,Kissimmee,Orlando,15.5,Customer Visit,68,2
04-01-2016 16:01,04-01-2016 16:49,Business,Orlando,Kissimmee,20.3,Meeting,24,1
04-01-2016 16:52,04-01-2016 16:57,Personal,Kissimmee,Kissimmee,0.7,,89,1
04-02-2016 08:48,04-02-2016 09:04,Personal,Kissimmee,Kissimmee,5.5,,13,1
04-02-2016 11:01,04-02-2016 11:16,Personal,Kissimmee,Kissimmee,5.1,,10,3
04-02-2016 12:21,04-02-2016 14:47,Business,Kissimmee,Daytona Beach,77.3,Customer Visit,85,2
04-02-2016 16:57,04-02-2016 18:09,Business,Daytona Beach,Jacksonville,80.5,Customer Visit,73,1
04-02-2016 19:38,04-02-2016 22:36,Business,Jacksonville,Ridgeland,174.2,Customer Visit,56,3
04-03-2016 02:00,04-03-2016 04:16,Business,Florence,Cary,159.3,Meeting,83,2
04-05-2016 21:39,04-05-2016 21:55,Business,Whitebridge,Wayne Ridge,7.9,Meal/Entertain,7,2
04-06-2016 00:19,04-06-2016 00:39,Business,Wayne Ridge,Whitebridge,8,Meal/Entertain,12,2
04-07-2016 18:20,04-07-2016 18:39,Business,Cary,Morrisville,6.1,Meal/Entertain,91,2
04-07-2016 19:45,04-07-2016 20:00,Business,Morrisville,Cary,6.1,Errand/Supplies,37,3
04-08-2016 12:30,04-08-2016 12:48,Business,Cary,Durham,10.5,Meeting,50,1
04-08-2016 13:34,04-08-2016 13:51,Business,Durham,Cary,8.7,Meal/Entertain,48,2
04-08-2016 13:55,04-08-2016 14:03,Business,Westpark Place,Whitebridge,1.8,Errand/Supplies,54,3
04-08-2016 14:43,04-08-2016 15:20,Business,Cary,Raleigh,19.1,Meeting,28,3
04-08-2016 16:05,04-08-2016 16:47,Business,Raleigh,Cary,18.6,Meeting,22,3
04-12-2016 09:15,04-12-2016 09:26,Business,Whitebridge,Edgehill Farms,2.8,Errand/Supplies,72,2
04-12-2016 09:34,04-12-2016 09:53,Business,Cary,Raleigh,8.9,Meeting,92,1
04-12-2016 10:58,04-12-2016 11:18,Business,Meredith,Cedar Hill,7.5,Customer Visit,58,3
04-12-2016 12:22,04-12-2016 12:44,Business,Raleigh,Morrisville,15.9,Meeting,58,1
04-12-2016 13:42,04-12-2016 14:01,Business,Morrisville,Cary,6.5,Meal/Entertain,31,1
4/14/2016 7:29,4/14/2016 8:09,Business,Cary,Holly Springs,15.3,Temporary Site,18,2
4/14/2016 16:00,4/14/2016 16:43,Business,Holly Springs,Cary,13.7,Temporary Site,60,3
4/15/2016 11:36,4/15/2016 12:07,Business,Cary,Raleigh,11.9,Temporary Site,9,2
4/15/2016 12:29,4/15/2016 12:32,Business,Meredith Townes,Harden Place,1.4,Errand/Supplies,31,3
4/15/2016 14:31,4/15/2016 15:01,Business,Raleigh,Cary,15.2,Meeting,5,3
4/16/2016 12:59,4/16/2016 13:17,Business,Cary,Morrisville,6,Errand/Supplies,85,2
4/16/2016 15:10,4/16/2016 15:26,Business,Morrisville,Cary,6.1,Meal/Entertain,69,2
4/19/2016 17:44,4/19/2016 18:08,Business,Whitebridge,Wayne Ridge,8.2,Meal/Entertain,55,2
4/19/2016 19:57,4/19/2016 20:19,Business,Wayne Ridge,Whitebridge,8,Meal/Entertain,45,2
4/22/2016 8:25,4/22/2016 9:04,Business,Cary,Raleigh,13.6,Meeting,39,1
4/22/2016 10:10,4/22/2016 10:40,Business,Raleigh,Cary,22.5,Meeting,47,2
4/22/2016 12:08,4/22/2016 12:28,Business,Cary,Durham,10.4,Meeting,80,1
4/22/2016 13:02,4/22/2016 13:26,Business,Durham,Cary,10,Meeting,19,1
4/23/2016 17:03,4/23/2016 17:16,Business,Whitebridge,Tanglewood,6,Meal/Entertain,56,2
4/23/2016 18:49,4/23/2016 19:05,Business,Tanglewood,Whitebridge,6.5,Meal/Entertain,69,2
4/24/2016 19:07,4/24/2016 19:16,Business,Cary,Morrisville,3.1,Errand/Supplies,13,3
4/24/2016 19:46,4/24/2016 19:52,Business,Chessington,Chessington,1.9,Errand/Supplies,32,2
4/24/2016 21:41,4/24/2016 21:50,Business,Morrisville,Cary,4.2,Between Offices,91,3
4/27/2016 13:30,4/27/2016 13:40,Business,Whitebridge,Burtrose,4.9,Between Offices,45,2
4/27/2016 14:13,4/27/2016 14:25,Business,Burtrose,Whitebridge,4.8,Between Offices,17,2
4/28/2016 12:09,4/28/2016 12:34,Business,Cary,Raleigh,12.4,Customer Visit,70,1
4/28/2016 13:30,4/28/2016 13:49,Business,Raleigh,Cary,32.8,Customer Visit,24,3
4/28/2016 22:10,4/28/2016 22:28,Business,Morrisville,Cary,5.5,Customer Visit,86,1
4/29/2016 11:44,4/29/2016 12:01,Business,Cary,Durham,9.9,Meeting,73,2
4/29/2016 13:13,4/29/2016 13:34,Business,Durham,Cary,10,Meeting,63,2
4/29/2016 18:46,4/29/2016 19:18,Business,Cary,Durham,14.2,Customer Visit,7,3
4/29/2016 22:44,4/29/2016 23:19,Business,Durham,Cary,18.2,Meeting,84,3
4/30/2016 18:42,4/30/2016 18:57,Business,Whitebridge,Waverly Place,7.7,Meal/Entertain,77,2
4/30/2016 22:16,4/30/2016 22:34,Business,Waverly Place,Whitebridge,6.8,,28,3
05-01-2016 13:45,05-01-2016 13:53,Business,Whitebridge,Westpark Place,2.1,Meal/Entertain,16,3
05-01-2016 14:26,05-01-2016 14:31,Business,Westpark Place,Whitebridge,2.3,,88,2
05-01-2016 17:33,05-01-2016 17:45,Business,Whitebridge,Tanglewood,6.2,Between Offices,32,2
05-01-2016 17:54,05-01-2016 18:10,Business,Tanglewood,Parkway,7.5,Meeting,89,3
05-01-2016 22:38,05-01-2016 22:49,Business,Parkway,Whitebridge,3.1,Errand/Supplies,14,1
05-02-2016 14:14,05-02-2016 14:21,Business,Whitebridge,Westpark Place,2.2,Errand/Supplies,95,3
05-02-2016 15:37,05-02-2016 15:48,Business,Westpark Place,Whitebridge,3.9,Meal/Entertain,74,1
05-03-2016 22:20,05-03-2016 22:28,Business,Morrisville,Cary,2.5,Meal/Entertain,19,1
05-04-2016 15:16,05-04-2016 15:37,Business,Cary,Morrisville,8.7,Meal/Entertain,93,2
05-04-2016 20:55,05-04-2016 21:14,Business,Mcvan,Capitol One,14.5,Errand/Supplies,78,2
05-04-2016 21:30,05-04-2016 21:36,Business,Capitol One,University District,4.5,Meal/Entertain,3,1
05-04-2016 22:19,05-04-2016 22:27,Business,University District,Capitol One,5,Meal/Entertain,59,2
05-05-2016 21:24,05-05-2016 21:36,Business,Seattle,Redmond,14.2,Meal/Entertain,93,1
05-05-2016 22:34,05-05-2016 22:40,Business,Redmond,Bellevue,2.9,Errand/Supplies,90,2
05-06-2016 05:47,05-06-2016 06:02,Business,Capitol One,Mcvan,14.4,Meeting,13,1
05-06-2016 16:45,05-06-2016 16:59,Business,Chapel Hill,Morrisville,17,Meeting,44,1
05-06-2016 17:18,05-06-2016 17:44,Business,Morrisville,Cary,7.9,Customer Visit,2,1
05-09-2016 06:08,05-09-2016 06:25,Business,Cary,Morrisville,8.4,Customer Visit,80,2
05-09-2016 14:39,05-09-2016 15:06,Business,San Francisco,Palo Alto,20.5,Between Offices,64,1
05-09-2016 17:58,05-09-2016 18:26,Business,Palo Alto,Sunnyvale,9.8,Customer Visit,11,1
05-09-2016 19:35,05-09-2016 19:59,Business,Sunnyvale,Newark,17.6,Customer Visit,81,3
05-10-2016 09:03,05-10-2016 09:20,Business,Newark,Menlo Park,9.3,Customer Visit,82,2
05-10-2016 17:19,05-10-2016 17:31,Business,Menlo Park,Newark,7.9,Customer Visit,89,1
05-11-2016 08:35,05-11-2016 09:12,Business,Newark,San Francisco,25.6,Meeting,33,2
05-11-2016 21:47,05-11-2016 22:04,Business,Morrisville,Cary,8.1,Meeting,55,1
5/14/2016 18:35,5/14/2016 18:39,Business,Cary,Morrisville,3.1,Meal/Entertain,84,3
5/14/2016 23:01,5/14/2016 23:05,Business,Morrisville,Cary,3.1,Meal/Entertain,78,2
5/17/2016 13:15,5/17/2016 13:23,Business,Whitebridge,Preston,2.8,Errand/Supplies,27,3
5/17/2016 13:56,5/17/2016 14:08,Business,Preston,Westpark Place,2.7,Errand/Supplies,2,2
5/17/2016 14:34,5/17/2016 14:40,Business,Westpark Place,Whitebridge,1.9,Errand/Supplies,94,1
5/18/2016 9:11,5/18/2016 9:41,Business,Cary,Morrisville,8.4,Customer Visit,4,3
5/18/2016 13:00,5/18/2016 13:02,Business,Morrisville,Raleigh,7.6,Customer Visit,12,1
5/19/2016 14:37,5/19/2016 15:01,Business,Old City,Parkway Museums,2.9,Meal/Entertain,83,2
5/20/2016 10:56,5/20/2016 11:07,Business,Old City,Hog Island,11.2,Meeting,95,2
5/20/2016 15:43,5/20/2016 16:12,Business,Morrisville,Cary,8.2,Meal/Entertain,51,1
5/22/2016 15:39,5/22/2016 15:46,Business,Cary,Morrisville,3,Meal/Entertain,13,2
5/22/2016 18:46,5/22/2016 18:53,Business,Morrisville,Cary,2.5,Meal/Entertain,18,3
5/23/2016 20:19,5/23/2016 20:27,Business,Whitebridge,Savon Height,3.6,Meal/Entertain,77,3
5/23/2016 21:09,5/23/2016 21:21,Business,Savon Height,Whitebridge,3.6,Errand/Supplies,86,3
5/27/2016 20:26,5/27/2016 20:30,Business,Whitebridge,Kildaire Farms,4.5,Errand/Supplies,45,1
5/27/2016 20:47,5/27/2016 20:53,Business,Savon Height,Kilarney Woods,1.2,,40,1
5/27/2016 22:11,5/27/2016 22:14,Business,Kilarney Woods,Kildaire Farms,1.7,Errand/Supplies,13,1
5/28/2016 0:15,5/28/2016 0:21,Business,Kilarney Woods,Whitebridge,4.7,Errand/Supplies,16,2
5/28/2016 12:52,5/28/2016 13:06,Business,Cary,Morrisville,6.1,Meal/Entertain,80,3
5/28/2016 14:35,5/28/2016 15:04,Business,Morrisville,Cary,11.3,Customer Visit,93,3
5/31/2016 13:54,5/31/2016 14:41,Business,Cary,Raleigh,14.9,Meeting,78,3
5/31/2016 16:02,5/31/2016 16:39,Business,Raleigh,Cary,14,Meeting,55,2
5/31/2016 17:50,5/31/2016 17:59,Business,Westpark Place,Whitebridge,1.8,,46,2
06-01-2016 10:19,06-01-2016 10:47,Business,Cary,Morrisville,6.7,Customer Visit,81,1
06-01-2016 13:10,06-01-2016 13:39,Business,Morrisville,Cary,9.6,Meeting,70,2
06-03-2016 11:29,06-03-2016 11:49,Business,Cary,Durham,10.4,Meeting,85,3
06-03-2016 13:08,06-03-2016 13:38,Business,Durham,Cary,9.9,Meeting,29,1
06-03-2016 15:31,06-03-2016 15:54,Business,Cary,Morrisville,6,Meal/Entertain,20,2
06-03-2016 18:14,06-03-2016 18:29,Business,Townes at Everett Crossing,Chessington,3.3,Errand/Supplies,2,1
06-03-2016 18:41,06-03-2016 18:53,Business,Morrisville,Cary,3.1,Errand/Supplies,5,2
06-03-2016 19:36,06-03-2016 19:42,Business,Huntington Woods,Weston,1.7,Errand/Supplies,17,3
06-03-2016 22:47,06-03-2016 23:06,Business,Morrisville,Cary,4,Between Offices,58,1
06-05-2016 14:03,06-05-2016 14:33,Business,Whitebridge,Savon Height,7.8,Customer Visit,14,2
06-05-2016 15:06,06-05-2016 15:22,Business,Cary,Morrisville,7.8,Customer Visit,39,3
06-05-2016 15:57,06-05-2016 16:08,Business,Weston,Weston,3.8,Meal/Entertain,84,2
06-05-2016 18:05,06-05-2016 18:14,Business,Morrisville,Cary,2.5,Meal/Entertain,26,3
06-05-2016 21:53,06-05-2016 22:05,Business,Cary,Durham,9.9,Meeting,85,2
06-06-2016 15:36,06-06-2016 15:45,Business,Whitebridge,Hazelwood,3,Errand/Supplies,73,1
06-06-2016 16:16,06-06-2016 16:24,Business,Hazelwood,Whitebridge,2.4,Errand/Supplies,2,1
06-06-2016 20:06,06-06-2016 20:20,Business,Cary,Apex,5.7,Meal/Entertain,89,2
06-06-2016 21:08,06-06-2016 21:37,Business,Apex,Cary,7.2,Meal/Entertain,4,1
06-06-2016 21:41,06-06-2016 22:00,Business,Cary,Durham,10.4,Meeting,77,3
06-06-2016 23:34,06-06-2016 23:48,Business,Durham,Cary,9.9,Meeting,82,2
06-07-2016 21:42,06-07-2016 22:00,Business,Cary,Durham,10.4,Meeting,70,3
06-08-2016 08:23,06-08-2016 08:53,Business,Cary,Morrisville,8.7,Meal/Entertain,30,2
06-08-2016 12:04,06-08-2016 13:01,Business,Jamaica,New York,22.3,Errand/Supplies,37,2
06-08-2016 13:12,06-08-2016 13:29,Business,Seaport,Gramercy-Flatiron,3.3,Meal/Entertain,61,1
06-08-2016 14:31,06-08-2016 14:37,Business,Medical Centre,Tudor City,0.7,Errand/Supplies,43,1
06-08-2016 16:55,06-08-2016 17:11,Business,Rose Hill,Soho,2.5,Meal/Entertain,59,3
06-08-2016 17:16,06-08-2016 17:18,Business,Soho,Tribeca,0.5,Errand/Supplies,51,3
06-08-2016 17:59,06-08-2016 18:05,Business,Tribeca,Financial District,0.9,Errand/Supplies,74,2
06-08-2016 20:11,06-08-2016 20:25,Business,Financial District,Kips Bay,4.8,Errand/Supplies,4,1
06-10-2016 15:19,06-10-2016 16:28,Business,New York,Jamaica,16.3,Meeting,16,1
06-10-2016 21:47,06-10-2016 22:04,Business,Cary,Durham,10.4,Meeting,15,3
06-11-2016 17:08,06-11-2016 17:16,Business,Cary,Morrisville,3.7,Errand/Supplies,8,1
06-11-2016 17:34,06-11-2016 17:39,Business,Morrisville,Cary,4.6,Meal/Entertain,85,1
06-11-2016 17:50,06-11-2016 17:56,Business,Westpark Place,Whitebridge,1.7,,91,1
06-11-2016 21:45,06-11-2016 22:04,Business,Cary,Durham,10.4,Meeting,91,1
06-12-2016 19:53,06-12-2016 19:56,Business,Cary,Morrisville,2.5,Meal/Entertain,81,3
06-12-2016 20:05,06-12-2016 20:16,Business,Morrisville,Cary,4.3,Errand/Supplies,55,3
06-12-2016 21:58,06-12-2016 22:19,Business,Parkway,Whitebridge,2.8,Errand/Supplies,21,1
6/13/2016 5:23,6/13/2016 5:42,Business,Cary,Morrisville,8.4,Meal/Entertain,82,2
6/13/2016 14:17,6/13/2016 14:46,Business,Oakland,Emeryville,13.2,Meeting,73,1
6/13/2016 18:08,6/13/2016 18:47,Business,Emeryville,Berkeley,3.9,Meal/Entertain,76,3
6/13/2016 18:54,6/13/2016 19:23,Business,Berkeley,Oakland,5.1,Meal/Entertain,86,1
6/13/2016 20:00,6/13/2016 20:05,Business,Oakland,Unknown Location,5.2,Customer Visit,7,3
6/14/2016 12:03,6/14/2016 12:21,Business,Emeryville,San Francisco,9.8,,77,3
6/14/2016 16:09,6/14/2016 16:39,Business,San Francisco,Emeryville,11.6,Meeting,70,2
6/14/2016 17:15,6/14/2016 17:24,Business,Emeryville,Oakland,5.1,Meeting,54,3
6/14/2016 17:27,6/14/2016 17:57,Business,Downtown,Bay Farm Island,9.3,Errand/Supplies,83,1
6/15/2016 1:46,6/15/2016 2:06,Business,Kenner,New Orleans,12.4,Between Offices,8,1
6/15/2016 15:26,6/15/2016 15:34,Business,CBD,Lower Garden District,1.9,Between Offices,21,3
6/15/2016 16:37,6/15/2016 17:02,Business,Lower Garden District,Lakeview,6.4,Customer Visit,63,2
6/15/2016 17:29,6/15/2016 17:49,Personal,Lakeview,Storyville,5.5,,79,1
6/15/2016 19:52,6/15/2016 19:58,Business,Storyville,Faubourg Marigny,1.5,Meal/Entertain,91,3
6/16/2016 13:36,6/16/2016 14:30,Business,New Orleans,Metairie,14.5,,38,1
6/16/2016 14:42,6/16/2016 14:46,Business,Metairie,Kenner,2.7,,6,2
6/16/2016 15:17,6/16/2016 15:41,Business,Kenner,New Orleans,15,,47,2
6/16/2016 19:39,6/16/2016 19:56,Business,New Orleans,Kenner,12.9,,1,2
6/16/2016 21:43,6/16/2016 21:56,Business,Kenner,New Orleans,13.6,,73,2
6/17/2016 16:11,6/17/2016 16:44,Business,New Orleans,Kenner,12.2,,37,3
6/18/2016 0:29,6/18/2016 0:51,Business,Morrisville,Cary,8.7,,38,1
6/19/2016 2:39,6/19/2016 2:50,Business,Cary,Raleigh,6,,20,1
6/19/2016 5:51,6/19/2016 6:00,Business,Raleigh,Cary,5.9,,72,2
6/21/2016 15:39,6/21/2016 16:08,Business,Cary,Raleigh,19.3,,65,1
6/21/2016 17:11,6/21/2016 18:02,Business,Raleigh,Cary,16.6,Meal/Entertain,55,3
6/24/2016 10:41,6/24/2016 10:57,Business,Whitebridge,Waverly Place,7.1,Meal/Entertain,36,1
6/24/2016 11:54,6/24/2016 12:01,Business,Waverly Place,Macgregor Downs,2.1,Meal/Entertain,5,3
6/24/2016 12:19,6/24/2016 12:37,Business,Cary,Raleigh,8.6,Errand/Supplies,42,1
6/24/2016 12:50,6/24/2016 13:12,Business,Raleigh,Morrisville,9,Errand/Supplies,44,2
6/24/2016 13:18,6/24/2016 13:27,Business,Morrisville,Cary,3.1,Errand/Supplies,42,3
6/24/2016 14:01,6/24/2016 14:20,Business,Cary,Morrisville,8.4,Temporary Site,35,1
6/24/2016 20:44,6/24/2016 21:02,Business,Kenner,New Orleans,12.8,,41,1
6/25/2016 9:03,6/25/2016 9:12,Business,CBD,Bywater,4.5,,72,3
6/25/2016 9:15,6/25/2016 10:08,Business,New Orleans,Chalmette,11.8,Between Offices,46,1
6/25/2016 10:18,6/25/2016 10:25,Business,Chalmette,Arabi,1.1,Errand/Supplies,18,1
6/25/2016 10:50,6/25/2016 11:18,Business,Arabi,Metairie,17,Meal/Entertain,13,3
6/25/2016 11:25,6/25/2016 11:34,Business,Pontchartrain Shores,Pontchartrain Shores,1.7,Meeting,56,3
6/25/2016 11:53,6/25/2016 13:21,Business,Metairie,New Orleans,15.5,Meeting,67,1
6/25/2016 19:47,6/25/2016 19:58,Business,Storyville,Marigny,1.6,,25,3
6/25/2016 23:19,6/25/2016 23:26,Business,Marigny,Storyville,1.5,,39,1
6/26/2016 17:43,6/26/2016 18:18,Business,New Orleans,Kenner,12.6,Meeting,18,2
6/26/2016 18:45,6/26/2016 19:12,Business,Pontchartrain Shores,Pontchartrain Shores,4.8,,27,3
6/26/2016 19:41,6/26/2016 19:50,Business,Kenner,Kenner,2.2,,62,1
6/26/2016 21:14,6/26/2016 21:42,Business,Kenner,New Orleans,13,,14,3
6/27/2016 7:37,6/27/2016 8:48,Business,New Orleans,Covington,46.9,,16,1
6/27/2016 8:51,6/27/2016 9:00,Business,Covington,Covington,2.5,,80,3
6/27/2016 9:05,6/27/2016 9:33,Business,Covington,Covington,8.6,,50,3
6/27/2016 9:43,6/27/2016 10:08,Business,Covington,Covington,5.2,,37,1
6/27/2016 10:22,6/27/2016 10:39,Business,Covington,Covington,7.6,,75,1
6/27/2016 10:51,6/27/2016 10:58,Business,Covington,Covington,1.8,,36,2
6/27/2016 11:06,6/27/2016 11:24,Business,Covington,Mandeville,4.7,,3,3
6/27/2016 11:30,6/27/2016 11:42,Business,Mandeville,Mandeville,2.8,,59,3
6/27/2016 12:22,6/27/2016 13:02,Business,Mandeville,Metairie,30,,22,3
6/27/2016 13:56,6/27/2016 14:05,Business,Metairie,Kenner,4.4,,33,2
6/27/2016 21:09,6/27/2016 21:19,Business,Jamestown Court,Jamestown Court,1,,79,1
6/28/2016 0:48,6/28/2016 1:05,Business,Morrisville,Cary,8.2,Customer Visit,19,2
6/28/2016 20:13,6/28/2016 20:33,Business,Cary,Durham,10.4,Meeting,87,1
6/28/2016 23:34,6/28/2016 23:59,Business,Durham,Cary,9.9,Meeting,88,1
6/28/2016 23:34,6/28/2016 23:59,Business,Durham,Cary,9.9,Meeting,23,1
6/29/2016 8:56,6/29/2016 9:24,Business,Cary,Morrisville,7.3,,44,2
6/29/2016 10:22,6/29/2016 10:38,Business,Morrisville,Cary,7.4,,27,3
6/29/2016 11:49,6/29/2016 11:51,Business,Whitebridge,Westpark Place,1.6,,31,2
6/29/2016 12:11,6/29/2016 12:16,Business,Westpark Place,Whitebridge,1.8,,82,2
6/29/2016 20:11,6/29/2016 20:29,Business,Cary,Durham,10.4,Meeting,24,3
6/30/2016 20:09,6/30/2016 20:26,Business,Cary,Durham,9.9,Meeting,6,3
07-01-2016 00:00,07-01-2016 00:25,Business,Durham,Cary,9.9,Meeting,23,3
07-01-2016 09:34,07-01-2016 09:57,Business,Cary,Raleigh,13.3,Meeting,65,1
07-01-2016 12:36,07-01-2016 13:00,Business,Raleigh,Cary,11.3,Meeting,45,2
07-01-2016 20:06,07-01-2016 20:24,Business,Cary,Durham,10.5,Meeting,12,3
07-02-2016 20:18,07-02-2016 20:36,Business,Cary,Durham,10.1,Meeting,67,3
07-03-2016 00:28,07-03-2016 00:38,Business,Cary,Morrisville,3.1,Errand/Supplies,44,2
07-03-2016 03:02,07-03-2016 03:08,Business,Morrisville,Cary,3.1,Errand/Supplies,51,2
07-03-2016 20:00,07-03-2016 20:18,Business,Cary,Durham,9.9,Meeting,42,3
07-04-2016 00:32,07-04-2016 00:47,Business,Durham,Cary,9.9,Meeting,41,2
07-04-2016 17:31,07-04-2016 17:49,Business,Whitebridge,Summerwinds,8.8,Meeting,23,2
07-04-2016 18:23,07-04-2016 18:49,Business,Summerwinds,Whitebridge,8.7,Temporary Site,95,3
07-04-2016 20:00,07-04-2016 20:17,Business,Cary,Durham,11.8,Meeting,42,1
07-05-2016 00:00,07-05-2016 00:05,Business,Parkwood,Parkwood,1.2,Errand/Supplies,59,1
07-05-2016 00:08,07-05-2016 00:28,Business,Durham,Cary,9.9,Meeting,90,1
07-05-2016 16:48,07-05-2016 16:52,Business,Whitebridge,Whitebridge,0.6,Errand/Supplies,18,3
07-05-2016 20:06,07-05-2016 20:26,Business,Cary,Durham,9.9,,21,3
07-05-2016 22:41,07-05-2016 23:02,Business,Durham,Morrisville,8.6,,11,3
07-06-2016 00:33,07-06-2016 00:53,Business,Morrisville,Cary,6.3,Meal/Entertain,21,2
07-06-2016 09:06,07-06-2016 09:25,Business,Cary,Durham,9.9,Meeting,3,3
07-06-2016 12:48,07-06-2016 13:08,Business,Durham,Cary,9.9,,9,1
07-06-2016 20:04,07-06-2016 20:14,Business,Cary,Morrisville,3.3,Meal/Entertain,44,2
07-06-2016 23:46,07-06-2016 23:59,Business,Morrisville,Cary,3.1,Customer Visit,92,2
07-07-2016 08:22,07-07-2016 08:50,Business,Cary,Morrisville,7.9,Temporary Site,54,1
07-07-2016 10:27,07-07-2016 10:33,Business,Morrisville,Cary,8.9,,77,2
07-07-2016 12:59,07-07-2016 13:35,Business,Kenner,New Orleans,12.8,,13,3
07-08-2016 09:50,07-08-2016 10:13,Business,CBD,Pontchartrain Beach,7.7,,78,1
07-08-2016 10:51,07-08-2016 11:12,Business,Pontchartrain Beach,CBD,7,,67,3
07-08-2016 13:48,07-08-2016 14:11,Business,New Orleans,Metairie,12.5,,2,3
07-08-2016 17:11,07-08-2016 17:30,Business,Kenner,New Orleans,13.2,,92,1
07-09-2016 09:03,07-09-2016 09:46,Business,New Orleans,Kenner,13,,69,1
07-09-2016 09:52,07-09-2016 10:06,Business,Kenner,Metairie,4.9,,20,3
07-09-2016 10:15,07-09-2016 10:33,Business,Metairie,New Orleans,8.5,,71,3
07-10-2016 14:10,07-10-2016 14:17,Business,CBD,St Thomas,1.3,,51,3
07-10-2016 16:04,07-10-2016 16:15,Business,St Thomas,CBD,1.8,,69,3
07-10-2016 18:05,07-10-2016 18:21,Business,New Orleans,Kenner,13.6,,35,1
07-10-2016 19:51,07-10-2016 20:08,Business,Kenner,New Orleans,13.4,,10,2
07-12-2016 16:10,07-12-2016 16:45,Business,New Orleans,Kenner,12.3,,45,1
07-12-2016 19:21,07-12-2016 19:26,Personal,Kenner,Kenner,1.4,,83,1
7/13/2016 12:39,7/13/2016 13:20,Personal,Cary,Morrisville,23.5,,37,2
7/13/2016 13:25,7/13/2016 13:39,Personal,Morrisville,Morrisville,2.2,,79,1
7/13/2016 13:42,7/13/2016 13:54,Personal,Morrisville,Cary,4.4,,22,1
7/14/2016 15:51,7/14/2016 15:59,Personal,Cary,Morrisville,3.3,,7,3
7/14/2016 16:03,7/14/2016 16:34,Business,Morrisville,Morrisville,11.8,Errand/Supplies,6,2
7/14/2016 16:39,7/14/2016 20:05,Business,Morrisville,Banner Elk,195.3,,76,2
7/15/2016 11:32,7/15/2016 11:53,Personal,Banner Elk,Banner Elk,8.3,,83,2
7/15/2016 12:09,7/15/2016 12:19,Personal,Banner Elk,Banner Elk,3.2,,56,3
7/15/2016 12:35,7/15/2016 13:15,Personal,Banner Elk,Elk Park,22.4,,9,2
7/15/2016 15:03,7/15/2016 15:33,Personal,Elk Park,Banner Elk,12.2,,46,3
7/15/2016 15:40,7/15/2016 15:52,Personal,Banner Elk,Banner Elk,4.5,,71,1
7/16/2016 13:14,7/16/2016 14:10,Personal,Banner Elk,Newland,28.1,,19,2
7/16/2016 14:14,7/16/2016 14:30,Personal,Newland,Newland,3.8,,24,2
7/16/2016 15:29,7/16/2016 16:57,Personal,Newland,Boone,41.9,,65,1
7/16/2016 19:42,7/16/2016 20:35,Personal,Boone,Banner Elk,23.8,,40,2
7/16/2016 21:45,7/16/2016 22:18,Personal,Banner Elk,Banner Elk,13,,62,2
7/16/2016 22:50,7/16/2016 23:03,Business,Banner Elk,Banner Elk,4.4,Errand/Supplies,10,3
7/17/2016 11:23,7/17/2016 11:50,Personal,Banner Elk,Boone,15.1,Charity ($),13,2
7/17/2016 12:20,7/17/2016 15:25,Personal,Boone,Cary,180.2,Commute,84,2
7/18/2016 10:37,7/18/2016 10:49,Personal,Cary,Morrisville,4.1,Moving,71,1
7/18/2016 10:54,7/18/2016 11:15,Personal,Morrisville,Cary,6.1,Moving,40,3
7/18/2016 11:25,7/18/2016 11:36,Personal,Northwoods,Preston,3.3,Moving,33,3
7/18/2016 11:40,7/18/2016 11:56,Personal,Preston,Whitebridge,4.7,Moving,21,1
7/18/2016 17:12,7/18/2016 17:33,Business,Cary,Apex,7.2,Meeting,22,3
7/18/2016 18:32,7/18/2016 18:47,Business,Apex,Cary,5.5,Meal/Entertain,36,3
7/18/2016 19:07,7/18/2016 19:14,Business,Cary,Morrisville,3.3,Meal/Entertain,77,1
7/18/2016 20:28,7/18/2016 20:32,Business,Hazelwood,Weston,0.9,Errand/Supplies,45,3
7/18/2016 21:11,7/18/2016 21:19,Business,Morrisville,Cary,3.8,Meal/Entertain,4,1
7/19/2016 10:35,7/19/2016 10:51,Business,Whitebridge,Stonewater,6.4,Customer Visit,41,3
7/19/2016 10:56,7/19/2016 11:11,Business,Stonewater,Lexington Park at Amberly,3,Meeting,51,1
7/19/2016 11:30,7/19/2016 12:00,Business,Lexington Park at Amberly,Whitebridge,8.7,Meal/Entertain,33,2
7/19/2016 17:14,7/19/2016 17:24,Business,Whitebridge,Chessington,3.9,Errand/Supplies,90,3
7/19/2016 17:50,7/19/2016 18:08,Personal,Chessington,Whitebridge,4.8,,87,1
7/20/2016 17:12,7/20/2016 17:24,Personal,Whitebridge,Edgehill Farms,2.8,,85,1
7/20/2016 17:50,7/20/2016 17:57,Personal,Edgehill Farms,Preston,1.4,,7,2
7/20/2016 18:16,7/20/2016 18:20,Personal,Preston,Whitebridge,1.4,,69,3
7/21/2016 17:17,7/21/2016 17:23,Business,Whitebridge,Edgehill Farms,2.7,,31,1
7/21/2016 17:42,7/21/2016 17:51,Business,Edgehill Farms,Burtrose,2.3,,53,1
7/21/2016 18:27,7/21/2016 18:42,Business,Cary,Morrisville,3.7,,38,3
7/21/2016 19:30,7/21/2016 19:39,Business,Morrisville,Cary,2.9,,42,1
7/22/2016 10:42,7/22/2016 10:53,Business,Cary,Morrisville,3.8,,26,1
7/22/2016 11:11,7/22/2016 11:25,Business,Morrisville,Cary,5.1,,44,2
7/22/2016 11:37,7/22/2016 12:00,Business,Hazelwood,Lexington Park at Amberly,9.1,,89,1
7/22/2016 12:14,7/22/2016 12:31,Business,Cary,Durham,8,,66,3
7/22/2016 13:21,7/22/2016 13:42,Business,Durham,Cary,9.9,Meeting,67,2
7/22/2016 14:27,7/22/2016 14:43,Business,Cary,Morrisville,6.1,Meal/Entertain,52,2
7/22/2016 15:49,7/22/2016 16:22,Business,Morrisville,Cary,12.2,,87,1
7/22/2016 18:33,7/22/2016 18:51,Business,Wayne Ridge,Whitebridge,8,,81,3
7/23/2016 14:27,7/23/2016 14:44,Business,Cary,Morrisville,4,,37,2
7/23/2016 14:48,7/23/2016 15:12,Business,Morrisville,Cary,9.5,,11,2
7/23/2016 15:15,7/23/2016 15:27,Business,Cary,Morrisville,3,,5,3
7/23/2016 15:50,7/23/2016 16:10,Business,Morrisville,Cary,6.3,,91,2
7/23/2016 20:17,7/23/2016 20:33,Business,Cary,Durham,10.4,Meeting,3,1
7/23/2016 23:18,7/23/2016 23:43,Business,Durham,Cary,9.9,Meeting,30,2
7/25/2016 10:35,7/25/2016 10:41,Business,Whitebridge,Parkway,1.5,,21,3
7/25/2016 10:47,7/25/2016 10:58,Business,Cary,Morrisville,4.9,,13,3
7/25/2016 11:04,7/25/2016 11:33,Business,Morrisville,Cary,7.9,,62,2
7/25/2016 11:37,7/25/2016 11:44,Business,Parkway,Whitebridge,1.7,,95,1
7/26/2016 15:43,7/26/2016 15:49,Business,Whitebridge,Westpark Place,2.2,,81,3
7/26/2016 17:14,7/26/2016 17:24,Business,Westpark Place,Whitebridge,2.1,,2,2
7/26/2016 20:52,7/26/2016 21:00,Business,Cary,Morrisville,2.5,Meal/Entertain,62,2
7/26/2016 22:31,7/26/2016 22:39,Business,Morrisville,Cary,2.5,Meal/Entertain,64,1
7/27/2016 19:08,7/27/2016 19:20,Business,Cary,Morrisville,2.8,,14,3
7/27/2016 21:34,7/27/2016 21:57,Business,Morrisville,Raleigh,14.7,,53,2
7/27/2016 22:00,7/27/2016 22:26,Business,Raleigh,Morrisville,14.6,,28,3
7/28/2016 0:04,7/28/2016 0:09,Business,Morrisville,Cary,2.3,,14,2
7/29/2016 15:45,7/29/2016 15:47,Business,Whitebridge,Westpark Place,2.2,,49,3
7/29/2016 17:27,7/29/2016 17:45,Business,Westpark Place,Whitebridge,2.2,Meal/Entertain,37,2
7/30/2016 17:02,7/30/2016 17:27,Business,Cary,Durham,14,,66,3
7/30/2016 21:16,7/30/2016 21:41,Business,Durham,Cary,13.3,,64,1
7/31/2016 17:30,7/31/2016 17:37,Business,Westpark Place,Whitebridge,1.8,,8,3
08-01-2016 12:47,08-01-2016 13:04,Business,Whitebridge,Arlington Park at Amberly,6.2,,73,3
08-01-2016 13:08,08-01-2016 13:19,Business,Arlington Park at Amberly,Lexington Park at Amberly,1.3,,50,1
08-01-2016 13:28,08-01-2016 13:46,Business,Lexington Park at Amberly,Westpark Place,1.9,,71,1
08-01-2016 13:52,08-01-2016 14:14,Business,Cary,Apex,6.9,,51,2
08-01-2016 15:40,08-01-2016 15:47,Business,Apex,Cary,4.6,,46,2
08-01-2016 16:18,08-01-2016 16:25,Business,Whitebridge,Edgehill Farms,2.8,,34,1
08-01-2016 16:29,08-01-2016 16:59,Business,Cary,Morrisville,9.1,,2,1
08-01-2016 17:23,08-01-2016 17:55,Business,Morrisville,Cary,8.1,,72,3
08-02-2016 08:11,08-02-2016 08:32,Business,Cary,Morrisville,8.4,Meeting,71,2
08-02-2016 11:51,08-02-2016 12:15,Business,Arlington,Washington,4.9,,47,1
08-02-2016 19:15,08-02-2016 19:23,Business,Kalorama Triangle,K Street,1,,43,2
08-02-2016 21:23,08-02-2016 21:29,Business,K Street,Kalorama Triangle,1,,6,1
08-03-2016 12:46,08-03-2016 13:00,Business,West End,Northwest Rectangle,2,,76,1
08-03-2016 14:59,08-03-2016 15:03,Business,K Street,Kalorama Triangle,1.1,,13,1
08-03-2016 16:00,08-03-2016 16:04,Business,Kalorama Triangle,Downtown,1.5,,61,3
08-05-2016 17:23,08-05-2016 17:30,Business,Connecticut Avenue,Kalorama Triangle,1.3,,61,3
08-05-2016 18:17,08-05-2016 18:21,Business,Kalorama Triangle,Columbia Heights,1.8,,11,1
08-05-2016 19:17,08-05-2016 19:27,Business,Columbia Heights,Kalorama Triangle,1.5,,70,3
08-06-2016 06:40,08-06-2016 06:58,Business,Washington,Arlington,6.6,,34,1
08-06-2016 09:31,08-06-2016 09:53,Business,Morrisville,Cary,8,,73,3
08-07-2016 17:14,08-07-2016 17:23,Business,Whitebridge,Edgehill Farms,2.7,,9,1
08-07-2016 17:28,08-07-2016 17:43,Business,Edgehill Farms,Whitebridge,2.7,Customer Visit,10,3
08-07-2016 18:17,08-07-2016 18:23,Business,Cary,Morrisville,2.5,,78,2
08-07-2016 20:15,08-07-2016 20:23,Business,Morrisville,Cary,2.5,Meal/Entertain,65,2
08-08-2016 16:17,08-08-2016 16:31,Business,Whitebridge,Farmington Woods,5.2,,21,2
08-08-2016 16:37,08-08-2016 16:50,Business,Farmington Woods,Edgehill Farms,4,,51,3
08-08-2016 17:02,08-08-2016 17:13,Business,Edgehill Farms,Whitebridge,2.7,Customer Visit,72,1
08-08-2016 21:50,08-08-2016 22:15,Business,Cary,Morrisville,4.8,,58,3
08-08-2016 23:28,08-08-2016 23:37,Business,Morrisville,Cary,3.2,Customer Visit,31,3
08-09-2016 14:20,08-09-2016 14:38,Business,Whitebridge,Waverly Place,6.9,,22,1
08-09-2016 15:15,08-09-2016 15:36,Business,Cary,Raleigh,14.9,,47,2
08-09-2016 16:04,08-09-2016 16:37,Business,Raleigh,Cary,17.4,,16,1
08-10-2016 16:56,08-10-2016 17:24,Business,Cary,Durham,12.9,,24,3
08-10-2016 17:53,08-10-2016 18:28,Business,Durham,Apex,15.3,,26,1
08-10-2016 18:49,08-10-2016 18:50,Business,Apex,Apex,1,,48,2
08-10-2016 19:47,08-10-2016 20:02,Business,Apex,Cary,6,,78,1
08-11-2016 12:53,08-11-2016 13:00,Business,Whitebridge,Heritage Pines,2.2,,12,2
08-11-2016 13:14,08-11-2016 13:28,Business,Heritage Pines,Edgehill Farms,4.4,,24,1
08-11-2016 13:32,08-11-2016 13:42,Business,Edgehill Farms,Whitebridge,2.8,,81,1
08-11-2016 18:37,08-11-2016 19:29,Business,Cary,Wake Forest,31.7,,52,2
08-11-2016 20:59,08-11-2016 21:44,Business,Wake Forest,Cary,31.9,,28,3
08-12-2016 18:49,08-12-2016 18:52,Business,Whitebridge,Westpark Place,1.9,,18,3
08-12-2016 18:56,08-12-2016 19:05,Business,Westpark Place,Whitebridge,1.8,,75,2
8/13/2016 15:35,8/13/2016 15:58,Business,Cary,Morrisville,8.4,Meeting,26,3
8/15/2016 9:05,8/15/2016 9:52,Business,R?walpindi,Unknown Location,15.6,,43,3
8/15/2016 15:20,8/15/2016 15:47,Business,Unknown Location,Unknown Location,14.1,,54,3
8/15/2016 16:52,8/15/2016 17:30,Business,Unknown Location,Unknown Location,15.7,,94,2
8/15/2016 19:08,8/15/2016 20:30,Business,Unknown Location,Unknown Location,25.9,Temporary Site,36,2
8/16/2016 7:58,8/16/2016 8:11,Business,Unknown Location,Unknown Location,7.9,,94,2
8/16/2016 8:16,8/16/2016 8:23,Business,Unknown Location,Unknown Location,2.7,,94,2
8/16/2016 8:46,8/16/2016 8:53,Business,Unknown Location,Unknown Location,5.5,,93,3
8/16/2016 10:06,8/16/2016 10:27,Business,Unknown Location,Islamabad,5.7,,61,1
8/16/2016 10:31,8/16/2016 10:38,Business,Islamabad,Islamabad,1.2,,86,2
8/16/2016 11:47,8/16/2016 12:03,Business,Islamabad,Unknown Location,5.7,Temporary Site,40,2
8/16/2016 15:13,8/16/2016 15:36,Business,Unknown Location,Unknown Location,16.2,,64,3
8/17/2016 10:17,8/17/2016 10:41,Business,Unknown Location,Unknown Location,2.6,,17,3
8/17/2016 10:57,8/17/2016 11:20,Business,Unknown Location,Unknown Location,12.1,,78,2
8/17/2016 14:45,8/17/2016 14:50,Business,Unknown Location,R?walpindi,1.4,,41,2
8/17/2016 15:32,8/17/2016 15:47,Business,R?walpindi,Islamabad,6.4,,68,3
8/17/2016 16:29,8/17/2016 16:50,Business,Islamabad,Unknown Location,7.3,,61,3
8/17/2016 16:54,8/17/2016 17:00,Business,Unknown Location,Unknown Location,5.3,,41,1
8/17/2016 17:05,8/17/2016 17:34,Business,Unknown Location,Unknown Location,5.5,,32,3
8/17/2016 18:38,8/17/2016 18:57,Business,Unknown Location,Unknown Location,7.7,Temporary Site,55,2
8/18/2016 18:40,8/18/2016 19:07,Business,Unknown Location,Unknown Location,7.6,Temporary Site,66,1
8/19/2016 8:24,8/19/2016 8:45,Business,Unknown Location,Noorpur Shahan,7.6,,3,2
8/19/2016 8:54,8/19/2016 9:07,Business,Noorpur Shahan,Islamabad,3.3,,20,2
8/19/2016 9:27,8/19/2016 9:47,Business,Islamabad,R?walpindi,6.5,,73,3
8/19/2016 10:57,8/19/2016 11:06,Business,R?walpindi,Unknown Location,2,,58,3
8/19/2016 12:07,8/19/2016 12:24,Business,Unknown Location,Islamabad,5.7,,29,2
8/19/2016 15:51,8/19/2016 16:06,Business,Islamabad,Islamabad,3.2,,69,1
8/19/2016 17:12,8/19/2016 17:52,Business,Islamabad,Unknown Location,12.5,,50,3
8/21/2016 10:00,8/21/2016 10:29,Business,Unknown Location,Unknown Location,7.6,Airport/Travel,50,2
8/21/2016 14:05,8/21/2016 14:34,Business,Unknown Location,Unknown Location,7.7,,23,1
8/21/2016 16:30,8/21/2016 17:02,Business,Unknown Location,Islamabad,12.2,,14,1
8/21/2016 18:10,8/21/2016 18:17,Business,Islamabad,Islamabad,1.4,,2,2
8/21/2016 18:48,8/21/2016 19:24,Business,Islamabad,Unknown Location,20.2,,27,1
8/22/2016 10:00,8/22/2016 10:44,Business,Unknown Location,Islamabad,9.8,,86,3
8/22/2016 11:07,8/22/2016 11:23,Business,Islamabad,Unknown Location,6.3,,55,3
8/22/2016 12:36,8/22/2016 12:49,Business,Unknown Location,Islamabad,4.9,,38,3
8/22/2016 13:02,8/22/2016 13:11,Business,Islamabad,Islamabad,1.5,,6,3
8/22/2016 14:07,8/22/2016 14:31,Business,Islamabad,Unknown Location,10.9,,49,3
8/22/2016 15:14,8/22/2016 15:49,Business,Unknown Location,Unknown Location,19,,62,1
8/22/2016 15:59,8/22/2016 17:16,Business,Unknown Location,Unknown Location,19,,19,1
8/22/2016 19:58,8/22/2016 20:50,Business,Unknown Location,R?walpindi,7.9,,79,1
8/22/2016 20:53,8/22/2016 21:31,Business,R?walpindi,R?walpindi,4.1,,74,1
8/22/2016 22:31,8/22/2016 23:00,Business,R?walpindi,Unknown Location,18.7,,70,2
8/23/2016 8:10,8/23/2016 8:25,Business,Unknown Location,Noorpur Shahan,8.7,,13,3
8/23/2016 9:35,8/23/2016 10:09,Business,Noorpur Shahan,Unknown Location,7.5,,26,2
8/23/2016 12:59,8/23/2016 13:15,Business,Unknown Location,Noorpur Shahan,7.7,,52,1
8/23/2016 13:19,8/23/2016 13:30,Business,Noorpur Shahan,Islamabad,4.4,,71,2
8/23/2016 13:49,8/23/2016 14:04,Business,Islamabad,Unknown Location,5,,74,2
8/23/2016 15:07,8/23/2016 15:12,Business,Unknown Location,Unknown Location,1.9,,29,2
8/23/2016 15:15,8/23/2016 17:16,Business,Unknown Location,Unknown Location,7.9,,21,2
8/23/2016 17:42,8/23/2016 18:31,Business,Unknown Location,Unknown Location,17.7,,52,2
8/24/2016 12:05,8/24/2016 12:56,Business,Unknown Location,Unknown Location,25.2,,4,3
8/24/2016 13:01,8/24/2016 15:25,Business,Unknown Location,Unknown Location,96.2,,79,2
8/25/2016 15:17,8/25/2016 16:22,Business,Unknown Location,Unknown Location,35,,13,2
8/25/2016 16:36,8/25/2016 16:56,Business,Unknown Location,Unknown Location,5.5,,26,3
8/25/2016 17:19,8/25/2016 19:20,Business,Unknown Location,Unknown Location,50.4,,19,2
8/25/2016 19:25,8/25/2016 19:57,Business,Unknown Location,Lahore,9.2,,58,1
8/25/2016 22:58,8/25/2016 23:16,Business,Lahore,Unknown Location,7.3,,27,3
8/26/2016 9:06,8/26/2016 9:20,Business,Unknown Location,Unknown Location,5,,30,3
8/26/2016 11:14,8/26/2016 11:26,Business,Unknown Location,Unknown Location,3.8,,4,3
8/26/2016 12:10,8/26/2016 12:20,Business,Unknown Location,Lahore,3.9,,6,3
8/26/2016 14:10,8/26/2016 14:33,Business,Lahore,Lahore,7.4,,80,3
8/26/2016 15:23,8/26/2016 15:35,Business,Lahore,Lahore,1.5,,37,3
8/26/2016 15:59,8/26/2016 16:24,Business,Lahore,Unknown Location,7.9,,95,1
8/26/2016 16:55,8/26/2016 17:12,Business,Unknown Location,Lahore,2.9,,71,2
8/26/2016 18:42,8/26/2016 18:56,Business,Lahore,Lahore,3.4,,57,3
8/26/2016 19:31,8/26/2016 19:54,Business,Lahore,Lahore,3.8,,72,2
8/26/2016 20:06,8/26/2016 20:16,Business,Lahore,Unknown Location,5.9,,4,2
8/27/2016 9:34,8/27/2016 10:11,Business,Unknown Location,Lahore,9.6,,21,2
8/27/2016 11:47,8/27/2016 12:06,Business,Lahore,Lahore,7,,47,3
8/27/2016 12:12,8/27/2016 12:17,Business,Lahore,Lahore,0.9,,81,3
8/27/2016 14:01,8/27/2016 15:44,Business,Lahore,Unknown Location,86.6,,89,1
8/27/2016 16:15,8/27/2016 19:13,Business,Unknown Location,Unknown Location,156.9,,93,1
8/28/2016 9:57,8/28/2016 10:18,Business,Unknown Location,Noorpur Shahan,10.1,,43,2
8/28/2016 16:39,8/28/2016 16:55,Business,Noorpur Shahan,Islamabad,6.2,,44,1
8/28/2016 17:37,8/28/2016 17:55,Business,Islamabad,Islamabad,5.3,,80,2
8/28/2016 21:15,8/28/2016 21:59,Business,Islamabad,Unknown Location,12.1,,31,1
8/29/2016 12:02,8/29/2016 12:31,Business,Unknown Location,Islamabad,10.8,,89,1
8/29/2016 13:38,8/29/2016 13:48,Business,Islamabad,Islamabad,4.3,,71,1
8/29/2016 14:31,8/29/2016 14:41,Business,Islamabad,Islamabad,2.5,,33,2
8/29/2016 14:49,8/29/2016 15:04,Business,Islamabad,Unknown Location,5.7,Temporary Site,39,3
8/29/2016 15:49,8/29/2016 15:59,Business,Unknown Location,Islamabad,2.8,,85,3
8/29/2016 16:06,8/29/2016 16:21,Business,Islamabad,Unknown Location,4,,87,1
8/29/2016 17:24,8/29/2016 17:41,Business,Unknown Location,Islamabad,5.5,,38,1
8/29/2016 18:27,8/29/2016 18:36,Business,Islamabad,Islamabad,2.6,,72,2
8/30/2016 11:53,8/30/2016 12:05,Business,Unknown Location,Unknown Location,2.1,,31,1
8/30/2016 12:46,8/30/2016 13:09,Business,Unknown Location,Islamabad,8.8,,20,1
8/30/2016 13:25,8/30/2016 13:46,Business,Islamabad,Islamabad,4.4,,47,1
8/30/2016 14:00,8/30/2016 14:20,Business,Islamabad,Unknown Location,5.3,,49,3
8/30/2016 17:27,8/30/2016 18:09,Business,Unknown Location,Unknown Location,13,,40,1
09-01-2016 11:51,09-01-2016 12:24,Business,Unknown Location,Islamabad,13,,90,3
09-01-2016 17:21,09-01-2016 17:36,Business,Islamabad,Unknown Location,10.6,,31,2
09-01-2016 18:49,09-01-2016 19:08,Business,Unknown Location,Unknown Location,2.2,,85,3
09-02-2016 11:37,09-02-2016 12:24,Business,Unknown Location,Islamabad,9.2,,27,2
09-02-2016 18:56,09-02-2016 19:37,Business,Unknown Location,Unknown Location,12.9,,12,2
09-05-2016 10:25,09-05-2016 10:44,Business,Unknown Location,R?walpindi,17.2,,75,3
09-06-2016 17:49,09-06-2016 17:49,Business,Unknown Location,Unknown Location,69.1,,91,1
09-10-2016 10:28,09-10-2016 10:45,Business,Unknown Location,Unknown Location,2.8,,60,1
09-11-2016 09:51,09-11-2016 09:55,Business,Unknown Location,Unknown Location,8.6,,87,3
09-11-2016 21:40,09-11-2016 21:42,Business,Unknown Location,Unknown Location,9.8,,49,2
09-12-2016 08:07,09-12-2016 08:12,Business,Unknown Location,Unknown Location,3.6,,59,3
09-12-2016 11:15,09-12-2016 11:24,Business,Unknown Location,Unknown Location,1.7,,35,3
09-12-2016 13:04,09-12-2016 13:44,Business,Unknown Location,Unknown Location,11.5,,19,1
9/13/2016 16:56,9/13/2016 17:02,Business,Unknown Location,Unknown Location,0.7,,58,1
9/14/2016 11:55,9/14/2016 11:59,Business,Unknown Location,Unknown Location,0.7,,13,3
9/15/2016 20:33,9/15/2016 20:38,Business,Unknown Location,Unknown Location,0.9,,72,1
9/16/2016 7:08,9/16/2016 7:08,Business,Unknown Location,Unknown Location,1.6,,65,2
9/18/2016 18:07,9/18/2016 18:11,Business,Unknown Location,Unknown Location,9.4,,4,2
9/19/2016 6:18,9/19/2016 6:49,Business,R?walpindi,Unknown Location,18.2,,69,2
9/19/2016 14:40,9/19/2016 14:56,Business,Unknown Location,Islamabad,10.5,,31,1
9/19/2016 16:23,9/19/2016 16:31,Business,Islamabad,Unknown Location,5.7,,57,2
9/19/2016 17:36,9/19/2016 18:20,Business,Unknown Location,Unknown Location,18,,76,2
9/19/2016 19:10,9/19/2016 19:49,Business,Unknown Location,Islamabad,18.3,,41,1
9/20/2016 11:29,9/20/2016 11:48,Business,Islamabad,Unknown Location,16.5,,38,3
9/20/2016 20:47,9/20/2016 22:47,Business,Unknown Location,R?walpindi,9.6,,77,3
9/23/2016 13:15,9/23/2016 13:40,Business,Karachi,Karachi,2.9,,3,1
9/24/2016 14:34,9/24/2016 15:15,Business,Karachi,Unknown Location,8.2,,17,2
9/24/2016 20:29,9/24/2016 20:33,Business,Unknown Location,Unknown Location,2.4,,89,2
9/27/2016 8:33,9/27/2016 8:35,Business,Unknown Location,Unknown Location,5.8,,30,3
9/27/2016 13:21,9/27/2016 14:43,Business,Lahore,Lahore,9.8,,56,3
9/27/2016 19:14,9/27/2016 20:34,Business,Lahore,Unknown Location,7.3,,78,1
9/28/2016 17:21,9/28/2016 19:36,Business,Islamabad,Unknown Location,20.5,,27,1
9/29/2016 16:13,9/29/2016 18:47,Business,Unknown Location,Islamabad,12.6,,49,2
9/30/2016 17:39,9/30/2016 20:20,Business,Islamabad,Islamabad,37.7,,26,3
9/30/2016 20:59,9/30/2016 22:34,Business,Islamabad,Unknown Location,16.7,,94,1
10-03-2016 17:09,10-03-2016 17:12,Business,Unknown Location,Islamabad,10.5,,17,3
10-03-2016 18:17,10-03-2016 18:34,Business,Islamabad,Islamabad,2.8,,77,2
10-03-2016 18:51,10-03-2016 19:01,Business,Islamabad,Islamabad,1.6,,91,1
10-03-2016 22:04,10-03-2016 22:33,Business,Islamabad,Unknown Location,12.7,,94,2
10-04-2016 09:50,10-04-2016 10:52,Business,Unknown Location,Unknown Location,28.6,,6,2
10-04-2016 12:17,10-04-2016 12:18,Business,Unknown Location,Unknown Location,15.1,,73,3
10-06-2016 08:49,10-06-2016 11:36,Business,Unknown Location,R?walpindi,17.9,,21,3
10-06-2016 17:23,10-06-2016 17:40,Business,R?walpindi,Unknown Location,112.6,,24,2
10-06-2016 18:37,10-06-2016 18:39,Business,Unknown Location,Unknown Location,18.4,,77,2
10-06-2016 19:46,10-06-2016 20:26,Business,Unknown Location,Unknown Location,13.8,,52,2
10-07-2016 10:56,10-07-2016 10:59,Business,Unknown Location,Lahore,33.2,,94,1
10-07-2016 11:27,10-07-2016 11:50,Business,Lahore,Lahore,2.6,,44,3
10-07-2016 13:52,10-07-2016 14:08,Business,Lahore,Unknown Location,5.8,,88,2
10-07-2016 14:29,10-07-2016 15:11,Business,Unknown Location,Lahore,8.3,,51,3
10-07-2016 15:47,10-07-2016 16:02,Business,Lahore,Lahore,2.4,,52,2
10-07-2016 18:08,10-07-2016 18:27,Business,Lahore,Lahore,3.1,,86,3
10-07-2016 18:33,10-07-2016 19:01,Business,Lahore,Lahore,6.1,,41,3
10-08-2016 15:03,10-08-2016 15:03,Business,Karachi,Karachi,3.6,,34,3
10-08-2016 18:15,10-08-2016 18:18,Business,Karachi,Unknown Location,8,,48,2
10-09-2016 14:04,10-09-2016 14:23,Business,Unknown Location,Unknown Location,7.7,Temporary Site,64,1
10-10-2016 17:22,10-10-2016 17:28,Business,Islamabad,Islamabad,1.7,,84,3
10-10-2016 17:33,10-10-2016 18:13,Business,Islamabad,Unknown Location,9.5,,36,1
10-11-2016 01:27,10-11-2016 02:08,Business,Unknown Location,R?walpindi,17.1,Meeting,85,3
10-12-2016 19:18,10-12-2016 19:21,Business,R?walpindi,Unknown Location,18.4,,90,2
10/13/2016 11:20,10/13/2016 11:58,Business,Unknown Location,Islamabad,9.8,,2,3
10/13/2016 12:08,10/13/2016 12:14,Business,Islamabad,Islamabad,1,,26,2
10/13/2016 13:02,10/13/2016 13:02,Business,Islamabad,Islamabad,0.7,,63,2
10/13/2016 13:37,10/13/2016 13:46,Business,Islamabad,Islamabad,2.3,,28,1
10/13/2016 16:08,10/13/2016 16:53,Business,Islamabad,Unknown Location,10.9,,94,3
10/14/2016 8:50,10/14/2016 9:44,Business,Unknown Location,R?walpindi,12.7,,46,2
10/14/2016 10:16,10/14/2016 10:52,Business,R?walpindi,Unknown Location,12.4,,36,3
10/14/2016 15:56,10/14/2016 16:20,Business,Unknown Location,Unknown Location,3.8,,70,1
10/15/2016 22:28,10/15/2016 22:48,Business,Morrisville,Morrisville,6.2,,55,2
10/16/2016 0:01,10/16/2016 0:14,Business,Morrisville,Cary,3.1,,37,3
10/16/2016 12:52,10/16/2016 13:11,Business,Cary,Durham,10.5,Meeting,14,3
10/16/2016 14:40,10/16/2016 15:01,Business,Durham,Morrisville,8.1,,56,3
10/16/2016 15:10,10/16/2016 15:19,Business,Morrisville,Cary,3.1,,19,3
10/16/2016 19:27,10/16/2016 19:33,Business,Whitebridge,Parkway,2.1,Meeting,40,3
10/16/2016 20:30,10/16/2016 20:39,Business,Cary,Morrisville,4.3,,37,2
10/16/2016 21:34,10/16/2016 21:41,Business,Morrisville,Cary,2.5,Meal/Entertain,65,1
10/17/2016 15:19,10/17/2016 15:57,Business,Cary,Raleigh,20.6,,64,1
10/17/2016 16:29,10/17/2016 17:11,Business,Raleigh,Cary,17.6,,68,1
10/17/2016 18:02,10/17/2016 18:16,Business,Cary,Apex,5.6,,48,1
10/17/2016 18:31,10/17/2016 18:45,Business,Apex,Apex,3.3,,80,3
10/17/2016 19:08,10/17/2016 19:25,Business,Apex,Cary,5.3,,33,3
10/18/2016 8:12,10/18/2016 8:22,Business,Whitebridge,Edgehill Farms,3.3,,35,3
10/18/2016 8:53,10/18/2016 9:02,Business,Edgehill Farms,Whitebridge,3.3,,81,3
10/18/2016 10:41,10/18/2016 11:09,Business,Cary,Morrisville,7.9,Temporary Site,8,1
10/18/2016 18:12,10/18/2016 18:33,Business,Oakland,Emeryville,13,,81,2
10/18/2016 19:03,10/18/2016 19:13,Business,Emeryville,Berkeley,3,,26,1
10/18/2016 20:31,10/18/2016 20:37,Business,Berkeley,Emeryville,3,,70,3
10/19/2016 9:33,10/19/2016 9:47,Business,Emeryville,Oakland,3.8,,5,2
10/19/2016 9:54,10/19/2016 10:21,Business,Oakland,San Francisco,9.5,,59,3
10/19/2016 13:45,10/19/2016 13:56,Business,SOMISSPO,French Quarter,1.7,,15,1
10/19/2016 14:02,10/19/2016 14:31,Business,San Francisco,Berkeley,10.8,,20,3
10/19/2016 15:44,10/19/2016 16:02,Business,West Berkeley,North Berkeley Hills,4.1,,27,3
10/19/2016 16:06,10/19/2016 16:19,Business,North Berkeley Hills,Southside,2.2,,51,3
10/19/2016 16:33,10/19/2016 17:01,Business,Berkeley,Emeryville,4.6,,59,1
10/20/2016 11:26,10/20/2016 11:34,Business,Emeryville,Berkeley,3.1,,88,1
10/20/2016 12:19,10/20/2016 13:17,Business,Berkeley,San Jose,47.7,,36,3
10/20/2016 20:44,10/20/2016 21:37,Business,San Jose,Emeryville,44.6,,91,3
10/21/2016 10:06,10/21/2016 10:21,Business,Emeryville,Oakland,13.2,,83,2
10/22/2016 0:54,10/22/2016 1:09,Business,Morrisville,Cary,8.7,,84,2
10/22/2016 13:26,10/22/2016 14:03,Business,Cary,Raleigh,17.2,,93,3
10/22/2016 17:08,10/22/2016 17:55,Business,Raleigh,Cary,14,,50,3
10/23/2016 9:24,10/23/2016 10:05,Business,Cary,Raleigh,28.1,,49,3
10/23/2016 12:17,10/23/2016 12:59,Business,Raleigh,Cary,28.2,,42,2
10/23/2016 19:04,10/23/2016 19:14,Business,Cary,Morrisville,3.1,Meal/Entertain,37,2
10/23/2016 21:10,10/23/2016 21:25,Business,Morrisville,Cary,3.1,Customer Visit,6,2
10/24/2016 14:57,10/24/2016 15:26,Business,Cary,Durham,16.4,,94,2
10/24/2016 15:33,10/24/2016 16:13,Business,Durham,Morrisville,15.4,,23,1
10/24/2016 16:34,10/24/2016 16:41,Business,Morrisville,Cary,2.2,,36,1
10/25/2016 13:27,10/25/2016 14:08,Business,Cary,Apex,11.2,,15,2
10/25/2016 15:04,10/25/2016 15:11,Business,Apex,Eagle Rock,2.2,,55,3
10/25/2016 15:16,10/25/2016 15:33,Business,Eagle Rock,Cary,3.6,,54,2
10/25/2016 20:00,10/25/2016 20:11,Business,Whitebridge,Savon Height,3.6,Meal/Entertain,88,1
10/25/2016 20:54,10/25/2016 21:03,Business,Savon Height,Parkway,4.9,,60,3
10/25/2016 22:24,10/25/2016 22:45,Business,Parkway,Whitebridge,8.7,Errand/Supplies,57,3
10/26/2016 19:25,10/26/2016 19:31,Business,Whitebridge,Parkway,2.1,Meeting,71,2
10/26/2016 20:53,10/26/2016 21:03,Business,Parkway,Whitebridge,2.1,,11,2
10/27/2016 18:51,10/27/2016 19:16,Business,Cary,Morrisville,8.4,Meeting,3,3
10/27/2016 19:20,10/27/2016 19:35,Business,Morrisville,Morrisville,5.9,,59,1
10/27/2016 19:52,10/27/2016 20:21,Business,Huntington Woods,Huntington Woods,12.1,,42,2
10/27/2016 20:47,10/27/2016 20:54,Business,Huntington Woods,Weston,3.9,,15,3
10/27/2016 21:26,10/27/2016 21:48,Business,Morrisville,Cary,6.2,,54,3
10/28/2016 11:34,10/28/2016 11:52,Business,Cary,Durham,10.4,Meeting,36,3
10/28/2016 13:06,10/28/2016 13:36,Business,Durham,Cary,9.9,Meeting,89,2
10/28/2016 15:53,10/28/2016 17:59,Business,Cary,Winston Salem,107,Meeting,75,1
10/28/2016 18:13,10/28/2016 20:07,Business,Winston Salem,Asheville,133.6,Meeting,18,2
10/28/2016 20:13,10/28/2016 22:00,Business,Asheville,Topton,91.8,Meeting,79,1
10/29/2016 15:22,10/29/2016 17:05,Business,Topton,Hayesville,40.7,Meeting,65,1
10/29/2016 17:13,10/29/2016 19:19,Business,Hayesville,Topton,75.7,,62,3
10/30/2016 7:49,10/30/2016 8:30,Business,Topton,Bryson City,29.8,,66,2
10/30/2016 9:07,10/30/2016 10:09,Business,Bryson City,Bryson City,16.3,,82,3
10/30/2016 10:11,10/30/2016 10:38,Business,Bryson City,Bryson City,6.5,,20,2
10/30/2016 10:51,10/30/2016 11:21,Business,Bryson City,Bryson City,6.3,,92,3
10/30/2016 12:24,10/30/2016 12:35,Business,Bryson City,Almond,6.6,,24,2
10/30/2016 12:58,10/30/2016 13:18,Business,Almond,Bryson City,15.2,,93,2
10/30/2016 13:24,10/30/2016 14:37,Business,Bryson City,Asheville,68.4,,64,1
10/30/2016 15:22,10/30/2016 18:23,Business,Asheville,Mebane,195.9,,79,3
10/30/2016 18:26,10/30/2016 19:39,Business,Mebane,Cary,45.2,,9,3
10/31/2016 18:11,10/31/2016 18:20,Business,Cary,Morrisville,3.2,,84,3
10/31/2016 18:47,10/31/2016 19:16,Business,Morrisville,Raleigh,10.3,,66,3
10/31/2016 20:18,10/31/2016 20:44,Business,Raleigh,Cary,13.1,,91,3
10/31/2016 21:45,10/31/2016 22:10,Business,Savon Height,Whitebridge,9.6,Errand/Supplies,34,1
11-01-2016 11:50,11-01-2016 12:27,Business,Cary,Durham,16.5,,76,2
11-01-2016 16:29,11-01-2016 17:02,Business,Durham,Cary,12.8,,21,1
11-01-2016 17:35,11-01-2016 17:42,Business,Whitebridge,Whitebridge,1.2,,62,3
11-01-2016 19:14,11-01-2016 19:20,Business,Whitebridge,Whitebridge,1,,66,3
11-01-2016 19:59,11-01-2016 20:12,Business,Whitebridge,Whitebridge,4.1,,31,2
11-01-2016 20:41,11-01-2016 20:55,Business,Whitebridge,Whitebridge,4.2,Meal/Entertain,66,1
11-02-2016 15:10,11-02-2016 15:18,Business,Whitebridge,Westpark Place,1.4,,60,2
11-02-2016 15:45,11-02-2016 15:52,Business,Westpark Place,Whitebridge,1.8,,31,2
11-02-2016 16:46,11-02-2016 17:11,Business,Cary,Morrisville,8.5,Meeting,51,1
11-02-2016 17:34,11-02-2016 17:49,Business,Morrisville,Morrisville,5,,18,2
11-02-2016 17:53,11-02-2016 18:00,Business,Morrisville,Cary,3.8,,32,2
11-03-2016 11:28,11-03-2016 11:34,Business,Whitebridge,Hazelwood,2.5,,41,2
11-03-2016 12:43,11-03-2016 12:49,Business,Hazelwood,Whitebridge,2.4,,52,1
11-03-2016 13:42,11-03-2016 13:47,Business,Whitebridge,Westpark Place,1.4,,44,2
11-03-2016 14:13,11-03-2016 14:26,Business,Westpark Place,Whitebridge,1.8,,66,2
11-03-2016 18:51,11-03-2016 19:08,Business,Cary,Morrisville,3.1,Meal/Entertain,86,2
11-03-2016 22:46,11-03-2016 22:58,Business,Morrisville,Cary,3.1,Customer Visit,67,2
11-04-2016 10:02,11-04-2016 10:18,Business,Cary,Morrisville,7.9,Temporary Site,5,3
11-04-2016 18:14,11-04-2016 18:21,Business,San Jose,Santa Clara,3.8,,54,2
11-04-2016 21:04,11-04-2016 21:20,Business,Agnew,Cory,4.3,,54,3
11-04-2016 22:12,11-04-2016 22:25,Business,Cory,Agnew,3.9,,33,3
11-05-2016 08:34,11-05-2016 08:43,Business,Agnew,Renaissance,2.2,,54,1
11-05-2016 17:29,11-05-2016 17:40,Business,Renaissance,Agnew,2.8,,48,1
11-05-2016 19:20,11-05-2016 19:28,Business,Agnew,Agnew,2.2,,30,1
11-06-2016 10:50,11-06-2016 11:04,Business,Agnew,Renaissance,2.4,,32,2
11-06-2016 16:05,11-06-2016 16:22,Business,Renaissance,Agnew,2.8,Meeting,62,3
11-06-2016 16:27,11-06-2016 17:28,Business,Santa Clara,Berkeley,43.9,Customer Visit,76,3
11-06-2016 19:04,11-06-2016 19:12,Business,Downtown,West Berkeley,1.8,,56,3
11-06-2016 20:06,11-06-2016 20:21,Business,West Berkeley,Central,3.3,,69,2
11-07-2016 12:28,11-07-2016 12:57,Business,Berkeley,San Francisco,11.8,Between Offices,22,3
11-07-2016 19:17,11-07-2016 19:57,Business,San Francisco,Berkeley,13.2,Between Offices,9,1
11-08-2016 10:29,11-08-2016 10:57,Business,Berkeley,San Francisco,12.2,Between Offices,23,2
11-08-2016 12:16,11-08-2016 12:49,Business,San Francisco,Berkeley,11.3,Meeting,51,3
11-08-2016 13:41,11-08-2016 14:01,Business,Berkeley,Emeryville,3.6,,86,2
11-08-2016 16:21,11-08-2016 16:34,Business,Emeryville,Berkeley,3,,81,3
11-09-2016 13:08,11-09-2016 13:41,Business,Berkeley,San Francisco,11.4,,44,3
11-09-2016 15:58,11-09-2016 16:04,Business,NOMA,Downtown,0.9,,67,2
11-09-2016 17:31,11-09-2016 18:03,Business,Downtown,Sunnyside,6.2,,25,3
11-09-2016 18:09,11-09-2016 18:14,Business,Sunnyside,Ingleside,0.7,,9,1
11-09-2016 18:21,11-09-2016 18:35,Business,Ingleside,Potrero Flats,5.5,Meeting,66,3
11-09-2016 18:40,11-09-2016 19:17,Business,San Francisco,Oakland,12.7,Customer Visit,82,3
11-09-2016 20:52,11-09-2016 21:02,Business,Oakland,Berkeley,2.6,,56,2
11-09-2016 21:56,11-09-2016 22:02,Business,Central,Central,1.1,,8,2
11-10-2016 09:46,11-10-2016 10:15,Business,Berkeley,San Francisco,12.6,Temporary Site,64,3
11-10-2016 10:20,11-10-2016 10:31,Business,Tenderloin,SOMISSPO,1.2,,81,2
11-10-2016 14:57,11-10-2016 15:07,Business,SOMISSPO,Tenderloin,1.1,,71,1
11-10-2016 15:17,11-10-2016 15:22,Business,San Francisco,Oakland,9.9,Temporary Site,63,1
11-10-2016 15:30,11-10-2016 15:53,Business,Oakland,Berkeley,6,Meeting,1,2
11-10-2016 19:18,11-10-2016 19:21,Business,West Berkeley,Central,0.8,,73,2
11-11-2016 09:35,11-11-2016 10:23,Business,Berkeley,Menlo Park,45.9,Customer Visit,91,1
11-11-2016 12:58,11-11-2016 13:13,Business,Menlo Park,Palo Alto,4,,85,3
11-11-2016 14:20,11-11-2016 14:32,Business,Palo Alto,Menlo Park,2.5,,88,1
11-11-2016 14:39,11-11-2016 15:46,Business,Menlo Park,Berkeley,36.6,Customer Visit,41,3
11-11-2016 18:30,11-11-2016 18:43,Business,Central,College Avenue,2.9,,87,2
11-11-2016 21:08,11-11-2016 21:18,Business,College Avenue,Central,2.6,,57,1
11-12-2016 10:32,11-12-2016 10:52,Business,Central,South,2.3,,81,1
11-12-2016 10:55,11-12-2016 11:25,Business,South,Downtown,6.4,,12,2
11-12-2016 13:07,11-12-2016 13:15,Business,Downtown,Central,1.4,,44,1
11-12-2016 13:46,11-12-2016 13:50,Business,Central,West Berkeley,0.6,,50,1
11-12-2016 14:22,11-12-2016 14:53,Business,West Berkeley,South,5.9,Meeting,78,1
11-12-2016 15:14,11-12-2016 15:21,Business,South,Southwest Berkeley,0.8,,21,2
11-12-2016 15:25,11-12-2016 15:36,Business,Berkeley,Emeryville,1.3,,61,1
11-12-2016 15:40,11-12-2016 15:59,Business,Emeryville,Berkeley,3.7,Errand/Supplies,86,2
11/13/2016 8:54,11/13/2016 9:02,Business,Central,Central,2.3,,40,3
11/13/2016 9:27,11/13/2016 9:53,Business,Central,Central,2.6,,89,2
11/13/2016 10:31,11/13/2016 10:37,Business,Central,Southside,1.9,,92,1
11/13/2016 11:04,11/13/2016 11:16,Business,Southside,West Berkeley,2.1,,35,1
11/13/2016 12:22,11/13/2016 12:51,Business,West Berkeley,Southside,4,Meeting,31,1
11/13/2016 13:05,11/13/2016 13:11,Business,Southside,South Berkeley,0.9,,2,3
11/13/2016 13:14,11/13/2016 13:18,Business,South Berkeley,Southside,0.9,,17,2
11/13/2016 14:35,11/13/2016 14:46,Business,Southside,Central,2.4,,17,3
11/13/2016 15:14,11/13/2016 15:24,Business,Central,Southside,1.9,,67,3
11/13/2016 15:47,11/13/2016 15:59,Business,Southside,Central,1.9,,46,3
11/14/2016 11:24,11/14/2016 12:13,Business,Berkeley,Mountain View,44.6,Customer Visit,79,2
11/14/2016 13:40,11/14/2016 14:33,Business,Mountain View,Berkeley,43.6,Customer Visit,3,1
11/14/2016 15:27,11/14/2016 15:36,Business,Berkeley,Emeryville,2.5,,80,1
11/14/2016 20:19,11/14/2016 20:30,Business,Emeryville,Berkeley,3.7,Errand/Supplies,82,1
11/15/2016 13:59,11/15/2016 14:06,Business,Berkeley,Oakland,5.1,,87,3
11/15/2016 14:09,11/15/2016 14:26,Business,Oakland,San Francisco,9.7,Temporary Site,25,1
11/15/2016 20:44,11/15/2016 21:00,Business,San Francisco,Berkeley,11.8,Temporary Site,88,2
11/16/2016 20:21,11/16/2016 20:27,Business,Berkeley,El Cerrito,2.3,Temporary Site,1,1
11/16/2016 22:52,11/16/2016 23:02,Business,El Cerrito,Berkeley,3.1,Meal/Entertain,40,2
11/17/2016 10:13,11/17/2016 10:44,Business,Berkeley,Oakland,16.3,Customer Visit,70,2
11/18/2016 20:09,11/18/2016 20:19,Business,Cary,Morrisville,3.1,Meal/Entertain,1,1
11/18/2016 21:23,11/18/2016 21:34,Business,Morrisville,Cary,5.2,Meal/Entertain,56,1
11/18/2016 21:56,11/18/2016 22:21,Business,Krendle Woods,Whitebridge,6.1,Meeting,3,2
11/19/2016 13:51,11/19/2016 14:10,Business,Cary,Durham,10.3,Meeting,70,2
11/19/2016 14:30,11/19/2016 14:51,Business,Durham,Cary,10.5,Meeting,53,2
11/19/2016 16:01,11/19/2016 16:06,Business,Cary,Cary,1.5,,89,3
11/19/2016 16:27,11/19/2016 16:41,Business,Cary,Cary,1.8,,74,1
11/19/2016 17:41,11/19/2016 17:54,Business,Cary,Apex,5.4,Errand/Supplies,55,2
11/19/2016 21:14,11/19/2016 21:35,Business,Apex,Cary,5.4,Customer Visit,82,2
11/20/2016 10:27,11/20/2016 11:32,Business,Cary,Cary,39.2,Between Offices,81,1
11/20/2016 11:58,11/20/2016 12:28,Business,Cary,Cary,6.4,Customer Visit,59,3
11/20/2016 14:58,11/20/2016 15:07,Business,Cary,Cary,2.7,Meeting,80,3
11/20/2016 17:45,11/20/2016 18:37,Business,Cary,Cary,18.5,Errand/Supplies,28,2
11/21/2016 13:37,11/21/2016 13:49,Business,Cary,Cary,2.5,Meal/Entertain,55,1
11/21/2016 14:34,11/21/2016 14:44,Business,Cary,Cary,2.1,Meal/Entertain,37,2
11/21/2016 17:50,11/21/2016 18:04,Business,Cary,Unknown Location,6.7,Errand/Supplies,36,3
11/21/2016 18:18,11/21/2016 18:27,Business,Unknown Location,Morrisville,3.5,Meal/Entertain,71,3
11/21/2016 18:43,11/21/2016 18:51,Business,Morrisville,Cary,3.4,Errand/Supplies,38,3
11/22/2016 15:12,11/22/2016 15:27,Business,Cary,Cary,5.5,Meeting,23,3
11/22/2016 15:31,11/22/2016 15:44,Business,Cary,Cary,4.1,Meeting,17,3
11/22/2016 15:51,11/22/2016 16:43,Business,Cary,Cary,12.7,Customer Visit,69,1
11/22/2016 18:18,11/22/2016 18:28,Business,Cary,Morrisville,3,Meal/Entertain,84,2
11/22/2016 21:02,11/22/2016 21:14,Business,Morrisville,Cary,3.5,Customer Visit,20,2
11/23/2016 15:34,11/23/2016 15:50,Business,Cary,Cary,5.9,Meal/Entertain,5,3
11/23/2016 16:18,11/23/2016 16:29,Business,Cary,Cary,1.9,,2,2
11/23/2016 16:49,11/23/2016 17:00,Business,Cary,Cary,3.3,,79,3
11/23/2016 18:37,11/23/2016 18:47,Business,Cary,Cary,1.3,,36,1
11/25/2016 11:47,11/25/2016 12:04,Business,Cary,Durham,10.3,Meeting,20,2
11/25/2016 13:13,11/25/2016 13:31,Business,Durham,Cary,11.1,Meeting,50,1
11/26/2016 15:54,11/26/2016 15:59,Business,Cary,Cary,1.4,,15,3
11/26/2016 17:00,11/26/2016 17:12,Business,Cary,Apex,5.1,Meeting,67,3
11/26/2016 17:36,11/26/2016 17:56,Business,Apex,Holly Springs,9,Meeting,54,1
11/26/2016 18:29,11/26/2016 19:04,Business,Holly Springs,Cary,13.3,Between Offices,70,3
11/26/2016 19:47,11/26/2016 19:54,Business,Cary,Cary,2.5,Errand/Supplies,63,3
11/27/2016 15:59,11/27/2016 16:06,Business,Cary,Morrisville,3.3,Meal/Entertain,38,2
11/27/2016 18:55,11/27/2016 19:09,Business,Morrisville,Cary,2.9,,80,1
11/30/2016 11:03,11/30/2016 11:34,Business,Cary,Raleigh,8.5,Customer Visit,34,1
11/30/2016 11:53,11/30/2016 12:35,Business,Raleigh,Morrisville,6.7,Temporary Site,62,1
11/30/2016 12:43,11/30/2016 12:53,Business,Morrisville,Cary,3.1,,70,1
12-01-2016 07:44,12-01-2016 07:59,Business,Cary,Cary,5.5,Meeting,6,3
12-01-2016 08:37,12-01-2016 08:53,Business,Cary,Cary,5.5,Errand/Supplies,72,2
12-01-2016 18:00,12-01-2016 18:12,Business,Cary,Morrisville,2.9,Meal/Entertain,27,2
12-01-2016 20:36,12-01-2016 20:46,Business,Morrisville,Cary,2.9,Customer Visit,14,3
12-02-2016 12:12,12-02-2016 12:23,Business,Cary,Apex,5.1,Meal/Entertain,80,3
12-02-2016 13:07,12-02-2016 13:22,Business,Apex,Cary,5.3,Customer Visit,3,3
12-02-2016 20:41,12-02-2016 20:48,Business,Cary,Morrisville,3.3,Meal/Entertain,94,2
12-02-2016 22:59,12-02-2016 23:07,Business,Morrisville,Cary,3,Customer Visit,59,1
12-03-2016 18:35,12-03-2016 18:56,Business,Cary,Wake Co.,6.6,Errand/Supplies,16,2
12-03-2016 19:08,12-03-2016 19:15,Business,Wake Co.,Morrisville,1.8,,46,1
12-03-2016 20:31,12-03-2016 20:41,Business,Morrisville,Cary,3,Customer Visit,88,1
12-04-2016 18:56,12-04-2016 19:03,Business,Cary,Morrisville,2.9,Meal/Entertain,41,1
12-04-2016 20:23,12-04-2016 20:34,Business,Morrisville,Cary,3.4,Customer Visit,18,2
12-05-2016 18:04,12-05-2016 18:17,Business,Cary,Cary,4.1,,8,2
12-05-2016 19:22,12-05-2016 19:37,Business,Cary,Cary,3.8,Meal/Entertain,87,1
12-07-2016 12:03,12-07-2016 12:32,Business,Cary,Cary,6.6,Meeting,15,2
12-07-2016 12:35,12-07-2016 12:46,Business,Cary,Cary,4,Meeting,24,3
12-07-2016 19:53,12-07-2016 20:13,Business,Cary,Cary,7,Customer Visit,69,2
12-07-2016 21:13,12-07-2016 21:50,Business,Cary,Cary,6.9,Meal/Entertain,36,3
12-08-2016 14:19,12-08-2016 14:32,Business,Cary,Cary,3.4,Errand/Supplies,76,2
12-08-2016 14:53,12-08-2016 15:02,Business,Cary,Cary,3.4,Errand/Supplies,32,1
12-08-2016 19:22,12-08-2016 19:27,Business,Cary,Cary,2,Meeting,84,3
12-08-2016 21:26,12-08-2016 21:31,Business,Cary,Cary,2,Errand/Supplies,6,2
12-09-2016 12:09,12-09-2016 12:24,Business,Cary,Apex,5.1,Errand/Supplies,51,2
12-09-2016 13:15,12-09-2016 13:43,Business,Apex,Cary,8.8,Temporary Site,42,2
12-09-2016 20:11,12-09-2016 20:34,Business,Cary,Cary,5.6,Meeting,11,2
12-09-2016 22:03,12-09-2016 22:57,Business,Cary,Cary,18.9,Customer Visit,62,2
12-10-2016 12:43,12-10-2016 13:16,Business,Cary,Fuquay-Varina,15.6,Meeting,19,3
12-10-2016 14:42,12-10-2016 15:18,Business,Fuquay-Varina,Cary,15.6,Errand/Supplies,55,1
12-10-2016 18:17,12-10-2016 18:27,Business,Cary,Morrisville,3,Meal/Entertain,56,3
12-10-2016 22:09,12-10-2016 22:21,Business,Morrisville,Cary,3.1,Customer Visit,13,1
12-11-2016 16:06,12-11-2016 16:16,Business,Cary,Morrisville,3,Meal/Entertain,61,3
12-11-2016 19:05,12-11-2016 19:15,Business,Morrisville,Cary,4.8,Errand/Supplies,65,3
12-11-2016 21:48,12-11-2016 21:56,Business,Cary,Cary,2.1,Errand/Supplies,3,1
12-12-2016 13:22,12-12-2016 13:32,Business,Cary,Cary,3.1,Errand/Supplies,36,1
12-12-2016 13:36,12-12-2016 13:51,Business,Cary,Apex,4.4,Meal/Entertain,53,2
12-12-2016 14:26,12-12-2016 14:39,Business,Apex,Cary,4.7,Customer Visit,34,1
12-12-2016 17:51,12-12-2016 18:01,Business,Cary,Morrisville,3,Meal/Entertain,1,1
12-12-2016 20:48,12-12-2016 20:57,Business,Morrisville,Cary,3,Customer Visit,12,2
12/13/2016 18:19,12/13/2016 18:29,Business,Cary,Cary,4.2,Errand/Supplies,83,3
12/13/2016 20:20,12/13/2016 20:29,Business,Cary,Cary,4.1,Meal/Entertain,39,1
12/14/2016 16:52,12/14/2016 17:10,Business,Cary,Cary,3.4,,53,3
12/14/2016 17:22,12/14/2016 17:34,Business,Cary,Cary,3.3,,58,2
12/14/2016 17:50,12/14/2016 18:00,Business,Cary,Morrisville,3,Meal/Entertain,76,1
12/14/2016 20:24,12/14/2016 20:40,Business,Morrisville,Cary,3.1,Customer Visit,40,3
12/15/2016 14:20,12/15/2016 14:54,Business,Cary,Morrisville,10.6,Meeting,62,2
12/17/2016 15:38,12/17/2016 16:12,Business,Unknown Location,Unknown Location,4.8,Airport/Travel,85,1
12/17/2016 17:19,12/17/2016 17:59,Business,Unknown Location,Unknown Location,5.3,Temporary Site,72,1
12/18/2016 13:03,12/18/2016 13:41,Business,Unknown Location,Unknown Location,4.9,Errand/Supplies,10,3
12/18/2016 16:38,12/18/2016 17:25,Business,Unknown Location,Unknown Location,10.2,Errand/Supplies,67,2
12/18/2016 20:35,12/18/2016 21:04,Business,Unknown Location,Unknown Location,9.2,,24,2
12/19/2016 9:08,12/19/2016 9:36,Business,Unknown Location,Islamabad,7.7,Errand/Supplies,43,3
12/19/2016 10:15,12/19/2016 10:34,Business,Islamabad,Rawalpindi,5.9,Temporary Site,19,1
12/19/2016 13:04,12/19/2016 13:08,Business,Rawalpindi,Unknown Location,0.7,Errand/Supplies,7,3
12/19/2016 13:24,12/19/2016 13:35,Business,Unknown Location,Unknown Location,1.3,,10,1
12/19/2016 14:07,12/19/2016 14:15,Business,Unknown Location,Unknown Location,2.5,,44,3
12/19/2016 14:18,12/19/2016 14:32,Business,Unknown Location,Unknown Location,5.3,,20,1
12/19/2016 14:37,12/19/2016 14:50,Business,Unknown Location,Unknown Location,5.4,,14,3
12/19/2016 15:09,12/19/2016 15:38,Business,Unknown Location,Rawalpindi,10.2,Customer Visit,2,2
12/19/2016 16:50,12/19/2016 17:09,Business,Rawalpindi,Islamabad,7.2,Customer Visit,42,3
12/19/2016 19:05,12/19/2016 19:17,Business,Islamabad,Unknown Location,2.2,,52,3
12/19/2016 19:55,12/19/2016 20:30,Business,Unknown Location,Unknown Location,11,Meeting,26,3
12/20/2016 8:49,12/20/2016 9:24,Business,Unknown Location,Rawalpindi,12,,6,3
12/20/2016 10:30,12/20/2016 10:48,Business,Rawalpindi,Rawalpindi,3.3,Errand/Supplies,4,3
12/20/2016 11:30,12/20/2016 12:17,Business,Rawalpindi,Unknown Location,19.4,Meeting,42,2
12/20/2016 13:14,12/20/2016 13:20,Business,Unknown Location,Unknown Location,1.7,Errand/Supplies,38,2
12/20/2016 13:54,12/20/2016 14:17,Business,Unknown Location,Islamabad,5.7,Temporary Site,12,3
12/20/2016 16:14,12/20/2016 16:24,Business,Islamabad,Islamabad,1.8,Errand/Supplies,52,2
12/20/2016 16:56,12/20/2016 17:07,Business,Islamabad,Islamabad,1.4,Errand/Supplies,44,3
12/20/2016 18:47,12/20/2016 19:21,Business,Islamabad,Unknown Location,10.3,Customer Visit,71,1
12/21/2016 7:42,12/21/2016 8:10,Business,Unknown Location,Unknown Location,11.5,Meeting,8,1
12/21/2016 10:14,12/21/2016 10:30,Business,Unknown Location,Islamabad,4.9,Errand/Supplies,64,2
12/21/2016 11:35,12/21/2016 11:49,Business,Islamabad,Unknown Location,3.5,Meal/Entertain,23,1
12/21/2016 12:51,12/21/2016 13:33,Business,Unknown Location,Unknown Location,16.2,Meeting,67,2
12/21/2016 15:38,12/21/2016 15:49,Business,Unknown Location,Unknown Location,2,Errand/Supplies,20,2
12/21/2016 15:55,12/21/2016 16:05,Business,Unknown Location,Islamabad,2.1,Errand/Supplies,86,3
12/21/2016 17:45,12/21/2016 17:54,Business,Islamabad,Islamabad,2.1,Meeting,12,2
12/21/2016 17:59,12/21/2016 18:31,Business,Islamabad,Unknown Location,7.2,Customer Visit,16,2
12/21/2016 19:49,12/21/2016 20:35,Business,Unknown Location,Rawalpindi,12,Meeting,10,1
12/21/2016 20:56,12/21/2016 23:42,Business,Rawalpindi,Unknown Location,103,Meeting,1,1
12/22/2016 15:40,12/22/2016 16:38,Business,Unknown Location,Unknown Location,32.3,Meeting,51,1
12/22/2016 17:04,12/22/2016 17:20,Business,Unknown Location,Unknown Location,5.3,Customer Visit,70,3
12/22/2016 17:27,12/22/2016 17:53,Business,Unknown Location,Unknown Location,11.6,Meeting,34,3
12/22/2016 17:56,12/22/2016 18:29,Business,Unknown Location,Unknown Location,23.2,Meeting,70,2
12/22/2016 18:31,12/22/2016 18:37,Business,Unknown Location,Unknown Location,3.2,Errand/Supplies,67,2
12/22/2016 18:38,12/22/2016 18:47,Business,Unknown Location,Unknown Location,12.3,Temporary Site,16,1
12/22/2016 19:04,12/22/2016 19:50,Business,Unknown Location,Lahore,14,Meeting,95,3
12/22/2016 21:41,12/22/2016 21:53,Business,Lahore,Lahore,2.1,Meal/Entertain,74,1
12/22/2016 23:27,12/22/2016 23:32,Business,Lahore,Lahore,2.1,Customer Visit,75,1
12/23/2016 9:21,12/23/2016 9:41,Business,Lahore,Lahore,3,Meeting,18,2
12/23/2016 11:33,12/23/2016 11:58,Business,Lahore,Unknown Location,6.2,Meeting,19,3
12/23/2016 14:15,12/23/2016 15:25,Business,Unknown Location,Unknown Location,9.6,Meeting,14,3
12/23/2016 16:23,12/23/2016 16:34,Business,Unknown Location,Unknown Location,1.3,Errand/Supplies,26,3
12/23/2016 17:34,12/23/2016 18:27,Business,Unknown Location,Lahore,7.1,Meal/Entertain,53,3
12/24/2016 7:43,12/24/2016 8:04,Business,Lahore,Unknown Location,6.3,Meal/Entertain,4,3
12/24/2016 9:19,12/24/2016 9:55,Business,Unknown Location,Lahore,10.7,Meal/Entertain,14,1
12/24/2016 10:34,12/24/2016 10:53,Business,Lahore,Lahore,5.3,Meal/Entertain,13,3
12/24/2016 12:51,12/24/2016 12:53,Business,Lahore,Lahore,1.6,Errand/Supplies,50,3
12/24/2016 13:08,12/24/2016 13:29,Business,Lahore,Lahore,3.6,Errand/Supplies,51,3
12/24/2016 17:12,12/24/2016 17:27,Business,Lahore,Lahore,1.7,Errand/Supplies,74,3
12/24/2016 19:12,12/24/2016 19:27,Business,Lahore,Lahore,2.9,Meal/Entertain,75,1
12/24/2016 22:04,12/24/2016 22:09,Business,Lahore,Lahore,0.6,Errand/Supplies,28,1
12/25/2016 0:10,12/25/2016 0:14,Business,Lahore,Lahore,0.6,Errand/Supplies,51,2
12/25/2016 19:15,12/25/2016 19:26,Business,Lahore,Lahore,2.3,Meal/Entertain,1,3
12/25/2016 21:58,12/25/2016 22:04,Business,Lahore,Lahore,2.3,Meal/Entertain,24,2
12/26/2016 8:30,12/26/2016 8:41,Business,Lahore,Lahore,3.2,Meal/Entertain,68,1
12/26/2016 9:05,12/26/2016 9:19,Business,Lahore,Lahore,6.2,Customer Visit,9,2
12/26/2016 10:15,12/26/2016 10:36,Business,Lahore,Lahore,7.7,Customer Visit,25,3
12/26/2016 11:29,12/26/2016 11:42,Business,Lahore,Lahore,3.8,Customer Visit,77,2
12/26/2016 13:09,12/26/2016 13:43,Business,Lahore,Unknown Location,7.9,Meeting,57,2
12/27/2016 7:02,12/27/2016 7:14,Business,Karachi,Karachi,4.9,Temporary Site,92,2
12/27/2016 8:37,12/27/2016 8:59,Business,Karachi,Karachi,5,Meal/Entertain,2,2
12/27/2016 12:53,12/27/2016 12:57,Business,Karachi,Karachi,0.6,Meal/Entertain,12,1
12/27/2016 14:49,12/27/2016 15:03,Business,Karachi,Unknown Location,3.1,Customer Visit,6,2
12/27/2016 16:34,12/27/2016 16:58,Business,Unknown Location,Karachi,7.9,Meeting,59,3
12/27/2016 19:19,12/27/2016 19:50,Business,Karachi,Karachi,5.5,Customer Visit,48,1
12/28/2016 8:34,12/28/2016 9:06,Business,Karachi,Unknown Location,10.3,Meal/Entertain,70,3
12/28/2016 11:42,12/28/2016 12:12,Business,Unknown Location,Karachi,10.4,Errand/Supplies,10,2
12/28/2016 13:53,12/28/2016 14:01,Business,Karachi,Karachi,2,Errand/Supplies,73,3
12/28/2016 15:04,12/28/2016 15:39,Business,Karachi,Unknown Location,8.5,Meal/Entertain,1,2
12/28/2016 17:02,12/28/2016 17:16,Business,Unknown Location,Karachi,4.4,Errand/Supplies,87,2
12/28/2016 18:33,12/28/2016 18:56,Business,Karachi,Karachi,3.8,Errand/Supplies,83,2
12/28/2016 22:44,12/28/2016 23:18,Business,Karachi,Karachi,5.1,Errand/Supplies,18,3
12/29/2016 0:49,12/29/2016 1:06,Business,Karachi,Karachi,3.8,Errand/Supplies,71,3
12/29/2016 9:44,12/29/2016 10:07,Business,Karachi,Unknown Location,11.6,Meal/Entertain,68,3
12/29/2016 11:28,12/29/2016 12:00,Business,Unknown Location,Karachi,11.9,Meal/Entertain,67,1
12/29/2016 12:25,12/29/2016 12:33,Business,Karachi,Karachi,1.4,Errand/Supplies,10,1
12/29/2016 13:17,12/29/2016 13:24,Business,Karachi,Karachi,1.1,Errand/Supplies,27,3
12/29/2016 13:56,12/29/2016 14:11,Business,Karachi,Karachi,4.1,Airport/Travel,49,2
12/29/2016 14:42,12/29/2016 14:58,Business,Karachi,Karachi,6.1,Between Offices,38,2
12/29/2016 15:05,12/29/2016 15:16,Business,Karachi,Karachi,1.3,Errand/Supplies,34,2
12/29/2016 18:59,12/29/2016 19:14,Business,Karachi,Unknown Location,3,Meal/Entertain,30,1
12/29/2016 19:50,12/29/2016 20:10,Business,Unknown Location,Karachi,4.1,Customer Visit,67,2
12/29/2016 20:15,12/29/2016 20:45,Business,Karachi,Karachi,7.2,Meeting,41,3
12/29/2016 20:53,12/29/2016 21:42,Business,Karachi,Unknown Location,6.4,,52,2
12/29/2016 23:14,12/29/2016 23:47,Business,Unknown Location,Karachi,12.9,Meeting,7,1
12/30/2016 10:15,12/30/2016 10:33,Business,Karachi,Karachi,2.8,Errand/Supplies,71,1
12/30/2016 11:31,12/30/2016 11:56,Business,Karachi,Karachi,2.9,Errand/Supplies,66,2
12/30/2016 15:41,12/30/2016 16:03,Business,Karachi,Karachi,4.6,Errand/Supplies,25,1
12/30/2016 16:45,12/30/2016 17:08,Business,Karachi,Karachi,4.6,Meeting,62,1
12/30/2016 23:06,12/30/2016 23:10,Business,Karachi,Karachi,0.8,Customer Visit,33,2
12/31/2016 1:07,12/31/2016 1:14,Business,Karachi,Karachi,0.7,Meeting,28,1
12/31/2016 13:24,12/31/2016 13:42,Business,Karachi,Unknown Location,3.9,Temporary Site,69,1
12/31/2016 15:03,12/31/2016 15:38,Business,Unknown Location,Unknown Location,16.2,Meeting,38,3
12/31/2016 21:32,12/31/2016 21:50,Business,Katunayake,Gampaha,6.4,Temporary Site,69,3
12/31/2016 22:08,12/31/2016 23:51,Business,Gampaha,Ilukwatta,48.2,Temporary Site,28,1
Totals,,,,,12204.7,,,
